{
"type": "FeatureCollection",
"name": "schools",
"crs": { "type": "name", "properties": { "name": "urn:ogc:def:crs:OGC:1.3:CRS84" } },
"features": [
{ "type": "Feature", "properties": { "107975": 127421, "Mandaluyong Addition Hills Elementary School": "Antonio M. Serapio Elementary School", "14.58393475": 14.6890018, "121.036764": 121.0061029, "City of Mandaluyong": "City of Valenzuela" }, "geometry": { "type": "Point", "coordinates": [ 121.0061029, 14.6890018 ] } },
{ "type": "Feature", "properties": { "107975": 136418, "Mandaluyong Addition Hills Elementary School": "A.C. Herrera Elementary School", "14.58393475": 14.63413934, "121.036764": 120.9804978, "City of Mandaluyong": "City of Manila" }, "geometry": { "type": "Point", "coordinates": [ 120.9804978, 14.63413934 ] } },
{ "type": "Feature", "properties": { "107975": 136419, "Mandaluyong Addition Hills Elementary School": "Barrio Obrero Elementary School", "14.58393475": 14.63536802, "121.036764": 120.9785071, "City of Mandaluyong": "City of Manila" }, "geometry": { "type": "Point", "coordinates": [ 120.9785071, 14.63536802 ] } },
{ "type": "Feature", "properties": { "107975": 136421, "Mandaluyong Addition Hills Elementary School": "LapuLapu Elementary School", "14.58393475": 14.63126512, "121.036764": 120.9780962, "City of Mandaluyong": "City of Manila" }, "geometry": { "type": "Point", "coordinates": [ 120.9780962, 14.63126512 ] } },
{ "type": "Feature", "properties": { "107975": 136422, "Mandaluyong Addition Hills Elementary School": "Antonio Luna Elementary School", "14.58393475": 14.62660007, "121.036764": 120.9819153, "City of Mandaluyong": "City of Manila" }, "geometry": { "type": "Point", "coordinates": [ 120.9819153, 14.62660007 ] } },
{ "type": "Feature", "properties": { "107975": 136423, "Mandaluyong Addition Hills Elementary School": "Mariano Ponce Elementary School", "14.58393475": 14.62382282, "121.036764": 120.9815408, "City of Mandaluyong": "City of Manila" }, "geometry": { "type": "Point", "coordinates": [ 120.9815408, 14.62382282 ] } },
{ "type": "Feature", "properties": { "107975": 136424, "Mandaluyong Addition Hills Elementary School": "Melchora Aquino Elementary School", "14.58393475": 14.62688283, "121.036764": 120.9770872, "City of Mandaluyong": "City of Manila" }, "geometry": { "type": "Point", "coordinates": [ 120.9770872, 14.62688283 ] } },
{ "type": "Feature", "properties": { "107975": 136425, "Mandaluyong Addition Hills Elementary School": "Plaridel Elementary School", "14.58393475": 14.62745514, "121.036764": 120.9811484, "City of Mandaluyong": "City of Manila" }, "geometry": { "type": "Point", "coordinates": [ 120.9811484, 14.62745514 ] } },
{ "type": "Feature", "properties": { "107975": 136426, "Mandaluyong Addition Hills Elementary School": "Francisco Benitez Elementary School", "14.58393475": 14.62618113, "121.036764": 120.9738272, "City of Mandaluyong": "City of Manila" }, "geometry": { "type": "Point", "coordinates": [ 120.9738272, 14.62618113 ] } },
{ "type": "Feature", "properties": { "107975": 136427, "Mandaluyong Addition Hills Elementary School": "Lakan Dula Elementary School", "14.58393475": 14.62612575, "121.036764": 120.974583, "City of Mandaluyong": "City of Manila" }, "geometry": { "type": "Point", "coordinates": [ 120.974583, 14.62612575 ] } },
{ "type": "Feature", "properties": { "107975": 136428, "Mandaluyong Addition Hills Elementary School": "Gregoria de Jesus Elementary School", "14.58393475": 14.62792431, "121.036764": 120.9753211, "City of Mandaluyong": "City of Manila" }, "geometry": { "type": "Point", "coordinates": [ 120.9753211, 14.62792431 ] } },
{ "type": "Feature", "properties": { "107975": 136429, "Mandaluyong Addition Hills Elementary School": "Librada Avelino Elementary School", "14.58393475": 14.63112554, "121.036764": 120.9720672, "City of Mandaluyong": "City of Manila" }, "geometry": { "type": "Point", "coordinates": [ 120.9720672, 14.63112554 ] } },
{ "type": "Feature", "properties": { "107975": 136430, "Mandaluyong Addition Hills Elementary School": "Arsenio H. Lacson Elementary School", "14.58393475": 14.6288949, "121.036764": 120.9674895, "City of Mandaluyong": "City of Manila" }, "geometry": { "type": "Point", "coordinates": [ 120.9674895, 14.6288949 ] } },
{ "type": "Feature", "properties": { "107975": 136432, "Mandaluyong Addition Hills Elementary School": "Jose P. Rizal Elementary School", "14.58393475": 14.61750484, "121.036764": 120.9715889, "City of Mandaluyong": "City of Manila" }, "geometry": { "type": "Point", "coordinates": [ 120.9715889, 14.61750484 ] } },
{ "type": "Feature", "properties": { "107975": 136433, "Mandaluyong Addition Hills Elementary School": "Emilio Jacinto Elementary School", "14.58393475": 14.62012924, "121.036764": 120.9661723, "City of Mandaluyong": "City of Manila" }, "geometry": { "type": "Point", "coordinates": [ 120.9661723, 14.62012924 ] } },
{ "type": "Feature", "properties": { "107975": 136434, "Mandaluyong Addition Hills Elementary School": "General Vicente Lim Elementary School", "14.58393475": 14.62402877, "121.036764": 120.9612746, "City of Mandaluyong": "City of Manila" }, "geometry": { "type": "Point", "coordinates": [ 120.9612746, 14.62402877 ] } },
{ "type": "Feature", "properties": { "107975": 136435, "Mandaluyong Addition Hills Elementary School": "Teodoro R. Yangco Elementary School", "14.58393475": 14.61645646, "121.036764": 120.9685827, "City of Mandaluyong": "City of Manila" }, "geometry": { "type": "Point", "coordinates": [ 120.9685827, 14.61645646 ] } },
{ "type": "Feature", "properties": { "107975": 136436, "Mandaluyong Addition Hills Elementary School": "A. V. Hernandez Elementary School", "14.58393475": 14.61865449, "121.036764": 120.9607364, "City of Mandaluyong": "City of Manila" }, "geometry": { "type": "Point", "coordinates": [ 120.9607364, 14.61865449 ] } },
{ "type": "Feature", "properties": { "107975": 136437, "Mandaluyong Addition Hills Elementary School": "Manuel L. Quezon Elementary School", "14.58393475": 14.6123916, "121.036764": 120.9652285, "City of Mandaluyong": "City of Manila" }, "geometry": { "type": "Point", "coordinates": [ 120.9652285, 14.6123916 ] } },
{ "type": "Feature", "properties": { "107975": 136438, "Mandaluyong Addition Hills Elementary School": "Magat Salamat Elementary School", "14.58393475": 14.61210253, "121.036764": 120.966046, "City of Mandaluyong": "City of Manila" }, "geometry": { "type": "Point", "coordinates": [ 120.966046, 14.61210253 ] } },
{ "type": "Feature", "properties": { "107975": 136439, "Mandaluyong Addition Hills Elementary School": "Isabelo de los Reyes School", "14.58393475": 14.60861127, "121.036764": 120.9681471, "City of Mandaluyong": "City of Manila" }, "geometry": { "type": "Point", "coordinates": [ 120.9681471, 14.60861127 ] } },
{ "type": "Feature", "properties": { "107975": 136440, "Mandaluyong Addition Hills Elementary School": "Jose Corazon de Jesus Elementary School", "14.58393475": 14.61444301, "121.036764": 120.9696648, "City of Mandaluyong": "City of Manila" }, "geometry": { "type": "Point", "coordinates": [ 120.9696648, 14.61444301 ] } },
{ "type": "Feature", "properties": { "107975": 136441, "Mandaluyong Addition Hills Elementary School": "Rosauro Almario Elementary School", "14.58393475": 14.60190828, "121.036764": 120.9622737, "City of Mandaluyong": "City of Manila" }, "geometry": { "type": "Point", "coordinates": [ 120.9622737, 14.60190828 ] } },
{ "type": "Feature", "properties": { "107975": 136442, "Mandaluyong Addition Hills Elementary School": "Rosauro Almario Elementary School - Island Puting Bato Annex", "14.58393475": 14.6043955, "121.036764": 120.9534135, "City of Mandaluyong": "City of Manila" }, "geometry": { "type": "Point", "coordinates": [ 120.9534135, 14.6043955 ] } },
{ "type": "Feature", "properties": { "107975": 136443, "Mandaluyong Addition Hills Elementary School": "General Gregorio del Pilar Elementary School", "14.58393475": 14.6063831, "121.036764": 120.9755762, "City of Mandaluyong": "City of Manila" }, "geometry": { "type": "Point", "coordinates": [ 120.9755762, 14.6063831 ] } },
{ "type": "Feature", "properties": { "107975": 136444, "Mandaluyong Addition Hills Elementary School": "General Maximo Hizon Elementary School", "14.58393475": 14.6113387, "121.036764": 120.9767776, "City of Mandaluyong": "City of Manila" }, "geometry": { "type": "Point", "coordinates": [ 120.9767776, 14.6113387 ] } },
{ "type": "Feature", "properties": { "107975": 136445, "Mandaluyong Addition Hills Elementary School": "Center for Excellence", "14.58393475": 14.60694203, "121.036764": 120.97571, "City of Mandaluyong": "City of Manila" }, "geometry": { "type": "Point", "coordinates": [ 120.97571, 14.60694203 ] } },
{ "type": "Feature", "properties": { "107975": 136446, "Mandaluyong Addition Hills Elementary School": "Andres Bonifacio Elementary School", "14.58393475": 14.61707022, "121.036764": 120.9793067, "City of Mandaluyong": "City of Manila" }, "geometry": { "type": "Point", "coordinates": [ 120.9793067, 14.61707022 ] } },
{ "type": "Feature", "properties": { "107975": 136447, "Mandaluyong Addition Hills Elementary School": "E.A. Remigio Elementary School", "14.58393475": 14.62920502, "121.036764": 120.9843571, "City of Mandaluyong": "City of Manila" }, "geometry": { "type": "Point", "coordinates": [ 120.9843571, 14.62920502 ] } },
{ "type": "Feature", "properties": { "107975": 136448, "Mandaluyong Addition Hills Elementary School": "Cecilio Apostol Elementary School", "14.58393475": 14.61917767, "121.036764": 120.9843088, "City of Mandaluyong": "City of Manila" }, "geometry": { "type": "Point", "coordinates": [ 120.9843088, 14.61917767 ] } },
{ "type": "Feature", "properties": { "107975": 136449, "Mandaluyong Addition Hills Elementary School": "Juan Sumulong Elementary School", "14.58393475": 14.61689322, "121.036764": 120.9876, "City of Mandaluyong": "City of Manila" }, "geometry": { "type": "Point", "coordinates": [ 120.9876, 14.61689322 ] } },
{ "type": "Feature", "properties": { "107975": 136450, "Mandaluyong Addition Hills Elementary School": "Antonio Regidor Elementary School", "14.58393475": 14.6070178, "121.036764": 120.9793746, "City of Mandaluyong": "City of Manila" }, "geometry": { "type": "Point", "coordinates": [ 120.9793746, 14.6070178 ] } },
{ "type": "Feature", "properties": { "107975": 136451, "Mandaluyong Addition Hills Elementary School": "Francisco Balagtas Elementary School", "14.58393475": 14.61282532, "121.036764": 120.9808218, "City of Mandaluyong": "City of Manila" }, "geometry": { "type": "Point", "coordinates": [ 120.9808218, 14.61282532 ] } },
{ "type": "Feature", "properties": { "107975": 136452, "Mandaluyong Addition Hills Elementary School": "P. Gomez ES", "14.58393475": 14.60853434, "121.036764": 120.9854289, "City of Mandaluyong": "City of Manila" }, "geometry": { "type": "Point", "coordinates": [ 120.9854289, 14.60853434 ] } },
{ "type": "Feature", "properties": { "107975": 136453, "Mandaluyong Addition Hills Elementary School": "A. Mabini Elementary School", "14.58393475": 14.60130872, "121.036764": 120.9857189, "City of Mandaluyong": "City of Manila" }, "geometry": { "type": "Point", "coordinates": [ 120.9857189, 14.60130872 ] } },
{ "type": "Feature", "properties": { "107975": 136454, "Mandaluyong Addition Hills Elementary School": "Geronimo Santiago Elementary School", "14.58393475": 14.59320339, "121.036764": 120.9891526, "City of Mandaluyong": "City of Manila" }, "geometry": { "type": "Point", "coordinates": [ 120.9891526, 14.59320339 ] } },
{ "type": "Feature", "properties": { "107975": 136455, "Mandaluyong Addition Hills Elementary School": "Marcela Agoncillo Elementary School", "14.58393475": 14.59745348, "121.036764": 120.969964, "City of Mandaluyong": "City of Manila" }, "geometry": { "type": "Point", "coordinates": [ 120.969964, 14.59745348 ] } },
{ "type": "Feature", "properties": { "107975": 136456, "Mandaluyong Addition Hills Elementary School": "Pedro Guevara Elementary School", "14.58393475": 14.59735488, "121.036764": 120.9711023, "City of Mandaluyong": "City of Manila" }, "geometry": { "type": "Point", "coordinates": [ 120.9711023, 14.59735488 ] } },
{ "type": "Feature", "properties": { "107975": 136457, "Mandaluyong Addition Hills Elementary School": "Dr. A. Albert Elementary School", "14.58393475": 14.61810512, "121.036764": 120.9965157, "City of Mandaluyong": "City of Manila" }, "geometry": { "type": "Point", "coordinates": [ 120.9965157, 14.61810512 ] } },
{ "type": "Feature", "properties": { "107975": 136458, "Mandaluyong Addition Hills Elementary School": "Laong Laan ES", "14.58393475": 14.6204683, "121.036764": 120.9961723, "City of Mandaluyong": "City of Manila" }, "geometry": { "type": "Point", "coordinates": [ 120.9961723, 14.6204683 ] } },
{ "type": "Feature", "properties": { "107975": 136459, "Mandaluyong Addition Hills Elementary School": "Doctor Benigno Aldana Elementary School", "14.58393475": 14.6057511, "121.036764": 121.0022513, "City of Mandaluyong": "City of Manila" }, "geometry": { "type": "Point", "coordinates": [ 121.0022513, 14.6057511 ] } },
{ "type": "Feature", "properties": { "107975": 136460, "Mandaluyong Addition Hills Elementary School": "G. Lopez Jaena Elementary School", "14.58393475": 14.61461028, "121.036764": 121.0040502, "City of Mandaluyong": "City of Manila" }, "geometry": { "type": "Point", "coordinates": [ 121.0040502, 14.61461028 ] } },
{ "type": "Feature", "properties": { "107975": 136461, "Mandaluyong Addition Hills Elementary School": "Legarda Elementary School", "14.58393475": 14.61210873, "121.036764": 120.9987327, "City of Mandaluyong": "City of Manila" }, "geometry": { "type": "Point", "coordinates": [ 120.9987327, 14.61210873 ] } },
{ "type": "Feature", "properties": { "107975": 136462, "Mandaluyong Addition Hills Elementary School": "General L. Geronimo Elementary School", "14.58393475": 14.60564512, "121.036764": 120.9976935, "City of Mandaluyong": "City of Manila" }, "geometry": { "type": "Point", "coordinates": [ 120.9976935, 14.60564512 ] } },
{ "type": "Feature", "properties": { "107975": 136463, "Mandaluyong Addition Hills Elementary School": "Trinidad Tecson Elementary School", "14.58393475": 14.60605184, "121.036764": 120.9975908, "City of Mandaluyong": "City of Manila" }, "geometry": { "type": "Point", "coordinates": [ 120.9975908, 14.60605184 ] } },
{ "type": "Feature", "properties": { "107975": 136464, "Mandaluyong Addition Hills Elementary School": "Moises Salvador Elementary School", "14.58393475": 14.60528098, "121.036764": 120.998385, "City of Mandaluyong": "City of Manila" }, "geometry": { "type": "Point", "coordinates": [ 120.998385, 14.60528098 ] } },
{ "type": "Feature", "properties": { "107975": 136465, "Mandaluyong Addition Hills Elementary School": "Juan Luna Elementary School", "14.58393475": 14.60555478, "121.036764": 120.9898125, "City of Mandaluyong": "City of Manila" }, "geometry": { "type": "Point", "coordinates": [ 120.9898125, 14.60555478 ] } },
{ "type": "Feature", "properties": { "107975": 136466, "Mandaluyong Addition Hills Elementary School": "Valeriano E. Fugoso Memorial Elementary School", "14.58393475": 14.6665414, "121.036764": 121.1185402, "City of Mandaluyong": "City of Manila" }, "geometry": { "type": "Point", "coordinates": [ 121.1185402, 14.6665414 ] } },
{ "type": "Feature", "properties": { "107975": 136467, "Mandaluyong Addition Hills Elementary School": "P. Burgos Elementary School", "14.58393475": 14.60345565, "121.036764": 121.0106835, "City of Mandaluyong": "City of Manila" }, "geometry": { "type": "Point", "coordinates": [ 121.0106835, 14.60345565 ] } },
{ "type": "Feature", "properties": { "107975": 136468, "Mandaluyong Addition Hills Elementary School": "Pedro Pelaez Elementary School", "14.58393475": 14.60422407, "121.036764": 121.0065312, "City of Mandaluyong": "City of Manila" }, "geometry": { "type": "Point", "coordinates": [ 121.0065312, 14.60422407 ] } },
{ "type": "Feature", "properties": { "107975": 136470, "Mandaluyong Addition Hills Elementary School": "General Miguel Malvar Elementary School", "14.58393475": 14.60629428, "121.036764": 121.0097381, "City of Mandaluyong": "City of Manila" }, "geometry": { "type": "Point", "coordinates": [ 121.0097381, 14.60629428 ] } },
{ "type": "Feature", "properties": { "107975": 136471, "Mandaluyong Addition Hills Elementary School": "Bacood Elementary School", "14.58393475": 14.59533847, "121.036764": 121.0168233, "City of Mandaluyong": "City of Manila" }, "geometry": { "type": "Point", "coordinates": [ 121.0168233, 14.59533847 ] } },
{ "type": "Feature", "properties": { "107975": 136472, "Mandaluyong Addition Hills Elementary School": "Pio del Pilar Elementary School", "14.58393475": 14.60061034, "121.036764": 121.0040688, "City of Mandaluyong": "City of Manila" }, "geometry": { "type": "Point", "coordinates": [ 121.0040688, 14.60061034 ] } },
{ "type": "Feature", "properties": { "107975": 136473, "Mandaluyong Addition Hills Elementary School": "Justo Lukban Elementary School", "14.58393475": 14.58139506, "121.036764": 120.9928853, "City of Mandaluyong": "City of Manila" }, "geometry": { "type": "Point", "coordinates": [ 120.9928853, 14.58139506 ] } },
{ "type": "Feature", "properties": { "107975": 136474, "Mandaluyong Addition Hills Elementary School": "Dr. Celedonio A. Salvador Elementary School", "14.58393475": 14.58231474, "121.036764": 120.9964668, "City of Mandaluyong": "City of Manila" }, "geometry": { "type": "Point", "coordinates": [ 120.9964668, 14.58231474 ] } },
{ "type": "Feature", "properties": { "107975": 136475, "Mandaluyong Addition Hills Elementary School": "Silahis ng Katarungan Special School", "14.58393475": 14.5798451, "121.036764": 120.9952797, "City of Mandaluyong": "City of Manila" }, "geometry": { "type": "Point", "coordinates": [ 120.9952797, 14.5798451 ] } },
{ "type": "Feature", "properties": { "107975": 136476, "Mandaluyong Addition Hills Elementary School": "E. delos Santos Elementary School", "14.58393475": 14.5758447, "121.036764": 120.9925668, "City of Mandaluyong": "City of Manila" }, "geometry": { "type": "Point", "coordinates": [ 120.9925668, 14.5758447 ] } },
{ "type": "Feature", "properties": { "107975": 136477, "Mandaluyong Addition Hills Elementary School": "Aurora A. Quezon Elementary School", "14.58393475": 14.57082542, "121.036764": 120.9890303, "City of Mandaluyong": "City of Manila" }, "geometry": { "type": "Point", "coordinates": [ 120.9890303, 14.57082542 ] } },
{ "type": "Feature", "properties": { "107975": 136478, "Mandaluyong Addition Hills Elementary School": "Herminigildo J. Atienza Elementary School", "14.58393475": 14.59380546, "121.036764": 120.9612907, "City of Mandaluyong": "City of Manila" }, "geometry": { "type": "Point", "coordinates": [ 120.9612907, 14.59380546 ] } },
{ "type": "Feature", "properties": { "107975": 136479, "Mandaluyong Addition Hills Elementary School": "Rafael Palma Elementary School", "14.58393475": 14.56778598, "121.036764": 121.0053912, "City of Mandaluyong": "City of Manila" }, "geometry": { "type": "Point", "coordinates": [ 121.0053912, 14.56778598 ] } },
{ "type": "Feature", "properties": { "107975": 136480, "Mandaluyong Addition Hills Elementary School": "Bagong Barangay Elementary School", "14.58393475": 14.58642902, "121.036764": 121.0006463, "City of Mandaluyong": "City of Manila" }, "geometry": { "type": "Point", "coordinates": [ 121.0006463, 14.58642902 ] } },
{ "type": "Feature", "properties": { "107975": 136481, "Mandaluyong Addition Hills Elementary School": "Padre Jacinto Zamora Elementary School", "14.58393475": 14.58823149, "121.036764": 121.0025197, "City of Mandaluyong": "City of Manila" }, "geometry": { "type": "Point", "coordinates": [ 121.0025197, 14.58823149 ] } },
{ "type": "Feature", "properties": { "107975": 136482, "Mandaluyong Addition Hills Elementary School": "Bagong Diwa Elementary School", "14.58393475": 14.58821108, "121.036764": 121.0053506, "City of Mandaluyong": "City of Manila" }, "geometry": { "type": "Point", "coordinates": [ 121.0053506, 14.58821108 ] } },
{ "type": "Feature", "properties": { "107975": 136483, "Mandaluyong Addition Hills Elementary School": "Beata Elementary School", "14.58393475": 14.5900857, "121.036764": 121.0129368, "City of Mandaluyong": "City of Manila" }, "geometry": { "type": "Point", "coordinates": [ 121.0129368, 14.5900857 ] } },
{ "type": "Feature", "properties": { "107975": 136484, "Mandaluyong Addition Hills Elementary School": "Fernando Maria Guerrero Elementary School", "14.58393475": 14.57849793, "121.036764": 121.0026086, "City of Mandaluyong": "City of Manila" }, "geometry": { "type": "Point", "coordinates": [ 121.0026086, 14.57849793 ] } },
{ "type": "Feature", "properties": { "107975": 136485, "Mandaluyong Addition Hills Elementary School": "Santa Ana Elementary School", "14.58393475": 14.5798135, "121.036764": 121.0118693, "City of Mandaluyong": "City of Manila" }, "geometry": { "type": "Point", "coordinates": [ 121.0118693, 14.5798135 ] } },
{ "type": "Feature", "properties": { "107975": 136486, "Mandaluyong Addition Hills Elementary School": "Fernando Amorsolo Elementary School", "14.58393475": 14.58305704, "121.036764": 121.0141248, "City of Mandaluyong": "City of Manila" }, "geometry": { "type": "Point", "coordinates": [ 121.0141248, 14.58305704 ] } },
{ "type": "Feature", "properties": { "107975": 136487, "Mandaluyong Addition Hills Elementary School": "M. Roxas de Ayala Elementary School", "14.58393475": 14.57677056, "121.036764": 121.0067839, "City of Mandaluyong": "City of Manila" }, "geometry": { "type": "Point", "coordinates": [ 121.0067839, 14.57677056 ] } },
{ "type": "Feature", "properties": { "107975": 136489, "Mandaluyong Addition Hills Elementary School": "Tomas Earnshaw Elementary School", "14.58393475": 14.58780159, "121.036764": 121.0184455, "City of Mandaluyong": "City of Manila" }, "geometry": { "type": "Point", "coordinates": [ 121.0184455, 14.58780159 ] } },
{ "type": "Feature", "properties": { "107975": 136490, "Mandaluyong Addition Hills Elementary School": "Balingasa Elementary School", "14.58393475": 14.6522474, "121.036764": 121.0012641, "City of Mandaluyong": "Quezon City" }, "geometry": { "type": "Point", "coordinates": [ 121.0012641, 14.6522474 ] } },
{ "type": "Feature", "properties": { "107975": 136491, "Mandaluyong Addition Hills Elementary School": "Demetrio Tuazon Elementary School", "14.58393475": 14.62957899, "121.036764": 120.9991264, "City of Mandaluyong": "Quezon City" }, "geometry": { "type": "Point", "coordinates": [ 120.9991264, 14.62957899 ] } },
{ "type": "Feature", "properties": { "107975": 136492, "Mandaluyong Addition Hills Elementary School": "Ramon Magsaysay Elementary School", "14.58393475": 14.62915067, "121.036764": 120.9988716, "City of Mandaluyong": "Quezon City" }, "geometry": { "type": "Point", "coordinates": [ 120.9988716, 14.62915067 ] } },
{ "type": "Feature", "properties": { "107975": 136493, "Mandaluyong Addition Hills Elementary School": "San Jose Elementary School", "14.58393475": 14.63977886, "121.036764": 120.9932539, "City of Mandaluyong": "Quezon City" }, "geometry": { "type": "Point", "coordinates": [ 120.9932539, 14.63977886 ] } },
{ "type": "Feature", "properties": { "107975": 136494, "Mandaluyong Addition Hills Elementary School": "San Jose Elementary School – Pag-Ibig sa Nayon Annex", "14.58393475": 14.64663206, "121.036764": 120.9965578, "City of Mandaluyong": "Quezon City" }, "geometry": { "type": "Point", "coordinates": [ 120.9965578, 14.64663206 ] } },
{ "type": "Feature", "properties": { "107975": 136495, "Mandaluyong Addition Hills Elementary School": "Dalupan Elementary School", "14.58393475": 14.64500418, "121.036764": 121.0128634, "City of Mandaluyong": "Quezon City" }, "geometry": { "type": "Point", "coordinates": [ 121.0128634, 14.64500418 ] } },
{ "type": "Feature", "properties": { "107975": 136496, "Mandaluyong Addition Hills Elementary School": "Congressman Reynaldo A. Calalay Memorial School", "14.58393475": 14.63862818, "121.036764": 121.0147607, "City of Mandaluyong": "Quezon City" }, "geometry": { "type": "Point", "coordinates": [ 121.0147607, 14.63862818 ] } },
{ "type": "Feature", "properties": { "107975": 136497, "Mandaluyong Addition Hills Elementary School": "Masambong Elementary School", "14.58393475": 14.63962779, "121.036764": 121.0074378, "City of Mandaluyong": "Quezon City" }, "geometry": { "type": "Point", "coordinates": [ 121.0074378, 14.63962779 ] } },
{ "type": "Feature", "properties": { "107975": 136498, "Mandaluyong Addition Hills Elementary School": "San Francisco ES", "14.58393475": 14.64085114, "121.036764": 121.0142294, "City of Mandaluyong": "Quezon City" }, "geometry": { "type": "Point", "coordinates": [ 121.0142294, 14.64085114 ] } },
{ "type": "Feature", "properties": { "107975": 136499, "Mandaluyong Addition Hills Elementary School": "Bayanihan Elementary School", "14.58393475": 14.64512097, "121.036764": 121.0215795, "City of Mandaluyong": "Quezon City" }, "geometry": { "type": "Point", "coordinates": [ 121.0215795, 14.64512097 ] } },
{ "type": "Feature", "properties": { "107975": 136500, "Mandaluyong Addition Hills Elementary School": "Bungad Elementary School", "14.58393475": 14.6510976, "121.036764": 121.0249003, "City of Mandaluyong": "Quezon City" }, "geometry": { "type": "Point", "coordinates": [ 121.0249003, 14.6510976 ] } },
{ "type": "Feature", "properties": { "107975": 136501, "Mandaluyong Addition Hills Elementary School": "Esteban Abada ES", "14.58393475": 14.65430886, "121.036764": 121.0244714, "City of Mandaluyong": "Quezon City" }, "geometry": { "type": "Point", "coordinates": [ 121.0244714, 14.65430886 ] } },
{ "type": "Feature", "properties": { "107975": 136502, "Mandaluyong Addition Hills Elementary School": "Paltok Elementary School", "14.58393475": 14.64300762, "121.036764": 121.0223539, "City of Mandaluyong": "Quezon City" }, "geometry": { "type": "Point", "coordinates": [ 121.0223539, 14.64300762 ] } },
{ "type": "Feature", "properties": { "107975": 136503, "Mandaluyong Addition Hills Elementary School": "Sinag-Tala Elementary School", "14.58393475": 14.65009654, "121.036764": 121.015711, "City of Mandaluyong": "Quezon City" }, "geometry": { "type": "Point", "coordinates": [ 121.015711, 14.65009654 ] } },
{ "type": "Feature", "properties": { "107975": 136504, "Mandaluyong Addition Hills Elementary School": "Bago Bantay Elementary School", "14.58393475": 14.6602881, "121.036764": 121.0230356, "City of Mandaluyong": "Quezon City" }, "geometry": { "type": "Point", "coordinates": [ 121.0230356, 14.6602881 ] } },
{ "type": "Feature", "properties": { "107975": 136505, "Mandaluyong Addition Hills Elementary School": "San Antonio Elementary School", "14.58393475": 14.65638643, "121.036764": 121.0175705, "City of Mandaluyong": "Quezon City" }, "geometry": { "type": "Point", "coordinates": [ 121.0175705, 14.65638643 ] } },
{ "type": "Feature", "properties": { "107975": 136506, "Mandaluyong Addition Hills Elementary School": "Toro Hills Elementary School", "14.58393475": 14.66515516, "121.036764": 121.0205107, "City of Mandaluyong": "Quezon City" }, "geometry": { "type": "Point", "coordinates": [ 121.0205107, 14.66515516 ] } },
{ "type": "Feature", "properties": { "107975": 136507, "Mandaluyong Addition Hills Elementary School": "Bagong Pag-asa Elementary School", "14.58393475": 14.66325978, "121.036764": 121.0337321, "City of Mandaluyong": "Quezon City" }, "geometry": { "type": "Point", "coordinates": [ 121.0337321, 14.66325978 ] } },
{ "type": "Feature", "properties": { "107975": 136508, "Mandaluyong Addition Hills Elementary School": "Mines Elementary School", "14.58393475": 14.6585488, "121.036764": 121.046641, "City of Mandaluyong": "Quezon City" }, "geometry": { "type": "Point", "coordinates": [ 121.046641, 14.6585488 ] } },
{ "type": "Feature", "properties": { "107975": 136509, "Mandaluyong Addition Hills Elementary School": "Project 6 Elementary School", "14.58393475": 14.66235595, "121.036764": 121.0400136, "City of Mandaluyong": "Quezon City" }, "geometry": { "type": "Point", "coordinates": [ 121.0400136, 14.66235595 ] } },
{ "type": "Feature", "properties": { "107975": 136510, "Mandaluyong Addition Hills Elementary School": "Santo Cristo Elementary School", "14.58393475": 14.66112988, "121.036764": 121.0287676, "City of Mandaluyong": "Quezon City" }, "geometry": { "type": "Point", "coordinates": [ 121.0287676, 14.66112988 ] } },
{ "type": "Feature", "properties": { "107975": 136511, "Mandaluyong Addition Hills Elementary School": "Culiat Elementary School", "14.58393475": 14.66662845, "121.036764": 121.0573603, "City of Mandaluyong": "Quezon City" }, "geometry": { "type": "Point", "coordinates": [ 121.0573603, 14.66662845 ] } },
{ "type": "Feature", "properties": { "107975": 136512, "Mandaluyong Addition Hills Elementary School": "GSIS Village Elementary School", "14.58393475": 14.67471442, "121.036764": 121.0218117, "City of Mandaluyong": "Quezon City" }, "geometry": { "type": "Point", "coordinates": [ 121.0218117, 14.67471442 ] } },
{ "type": "Feature", "properties": { "107975": 136513, "Mandaluyong Addition Hills Elementary School": "New Era Elementary School", "14.58393475": 14.66721186, "121.036764": 121.0579296, "City of Mandaluyong": "Quezon City" }, "geometry": { "type": "Point", "coordinates": [ 121.0579296, 14.66721186 ] } },
{ "type": "Feature", "properties": { "107975": 136514, "Mandaluyong Addition Hills Elementary School": "Pasong Tamo Elementary School", "14.58393475": 14.67409558, "121.036764": 121.0467965, "City of Mandaluyong": "Quezon City" }, "geometry": { "type": "Point", "coordinates": [ 121.0467965, 14.67409558 ] } },
{ "type": "Feature", "properties": { "107975": 136515, "Mandaluyong Addition Hills Elementary School": "Tandang Sora Elementary School", "14.58393475": 14.67853603, "121.036764": 121.0352092, "City of Mandaluyong": "Quezon City" }, "geometry": { "type": "Point", "coordinates": [ 121.0352092, 14.67853603 ] } },
{ "type": "Feature", "properties": { "107975": 136516, "Mandaluyong Addition Hills Elementary School": "Apolonio Samson Elementary School", "14.58393475": 14.65483511, "121.036764": 121.0088944, "City of Mandaluyong": "Quezon City" }, "geometry": { "type": "Point", "coordinates": [ 121.0088944, 14.65483511 ] } },
{ "type": "Feature", "properties": { "107975": 136517, "Mandaluyong Addition Hills Elementary School": "Balumbato Elementary School", "14.58393475": 14.6628937, "121.036764": 121.0037464, "City of Mandaluyong": "Quezon City" }, "geometry": { "type": "Point", "coordinates": [ 121.0037464, 14.6628937 ] } },
{ "type": "Feature", "properties": { "107975": 136518, "Mandaluyong Addition Hills Elementary School": "Bonifacio Memorial Elementary School", "14.58393475": 14.65798742, "121.036764": 120.9992406, "City of Mandaluyong": "Quezon City" }, "geometry": { "type": "Point", "coordinates": [ 120.9992406, 14.65798742 ] } },
{ "type": "Feature", "properties": { "107975": 136519, "Mandaluyong Addition Hills Elementary School": "Lucas R. Pascual Memorial Elementary School", "14.58393475": 14.67060432, "121.036764": 121.009358, "City of Mandaluyong": "Quezon City" }, "geometry": { "type": "Point", "coordinates": [ 121.009358, 14.67060432 ] } },
{ "type": "Feature", "properties": { "107975": 136520, "Mandaluyong Addition Hills Elementary School": "Bagbag Elementary School", "14.58393475": 14.69094578, "121.036764": 121.0314523, "City of Mandaluyong": "Quezon City" }, "geometry": { "type": "Point", "coordinates": [ 121.0314523, 14.69094578 ] } },
{ "type": "Feature", "properties": { "107975": 136521, "Mandaluyong Addition Hills Elementary School": "Goodwill Elementary School", "14.58393475": 14.69686658, "121.036764": 121.028018, "City of Mandaluyong": "Quezon City" }, "geometry": { "type": "Point", "coordinates": [ 121.028018, 14.69686658 ] } },
{ "type": "Feature", "properties": { "107975": 136522, "Mandaluyong Addition Hills Elementary School": "Leopoldo B. Santos ES", "14.58393475": 14.67542764, "121.036764": 121.0130462, "City of Mandaluyong": "Quezon City" }, "geometry": { "type": "Point", "coordinates": [ 121.0130462, 14.67542764 ] } },
{ "type": "Feature", "properties": { "107975": 136523, "Mandaluyong Addition Hills Elementary School": "Odelco Elementary School", "14.58393475": 14.71027687, "121.036764": 121.0320225, "City of Mandaluyong": "Quezon City" }, "geometry": { "type": "Point", "coordinates": [ 121.0320225, 14.71027687 ] } },
{ "type": "Feature", "properties": { "107975": 136524, "Mandaluyong Addition Hills Elementary School": "Placido del Mundo Elementary School", "14.58393475": 14.68689725, "121.036764": 121.0259043, "City of Mandaluyong": "Quezon City" }, "geometry": { "type": "Point", "coordinates": [ 121.0259043, 14.68689725 ] } },
{ "type": "Feature", "properties": { "107975": 136525, "Mandaluyong Addition Hills Elementary School": "San Bartolome Elementary School", "14.58393475": 14.70167363, "121.036764": 121.0369139, "City of Mandaluyong": "Quezon City" }, "geometry": { "type": "Point", "coordinates": [ 121.0369139, 14.70167363 ] } },
{ "type": "Feature", "properties": { "107975": 136526, "Mandaluyong Addition Hills Elementary School": "Sauyo Elementary School", "14.58393475": 14.68968617, "121.036764": 121.0433254, "City of Mandaluyong": "Quezon City" }, "geometry": { "type": "Point", "coordinates": [ 121.0433254, 14.68968617 ] } },
{ "type": "Feature", "properties": { "107975": 136527, "Mandaluyong Addition Hills Elementary School": "Dona Rosario Elementary School", "14.58393475": 14.71724245, "121.036764": 121.0363517, "City of Mandaluyong": "Quezon City" }, "geometry": { "type": "Point", "coordinates": [ 121.0363517, 14.71724245 ] } },
{ "type": "Feature", "properties": { "107975": 136528, "Mandaluyong Addition Hills Elementary School": "Rosa L. Susano Elementary School", "14.58393475": 14.71729375, "121.036764": 121.0408889, "City of Mandaluyong": "Quezon City" }, "geometry": { "type": "Point", "coordinates": [ 121.0408889, 14.71729375 ] } },
{ "type": "Feature", "properties": { "107975": 136529, "Mandaluyong Addition Hills Elementary School": "San Gabriel Elementary School", "14.58393475": 14.70769569, "121.036764": 121.0526604, "City of Mandaluyong": "Quezon City" }, "geometry": { "type": "Point", "coordinates": [ 121.0526604, 14.70769569 ] } },
{ "type": "Feature", "properties": { "107975": 136530, "Mandaluyong Addition Hills Elementary School": "Villa Verde Elementary School", "14.58393475": 14.72275669, "121.036764": 121.0469392, "City of Mandaluyong": "Quezon City" }, "geometry": { "type": "Point", "coordinates": [ 121.0469392, 14.72275669 ] } },
{ "type": "Feature", "properties": { "107975": 136531, "Mandaluyong Addition Hills Elementary School": "Damong Maliit Elementary School", "14.58393475": 14.72368422, "121.036764": 121.025081, "City of Mandaluyong": "Quezon City" }, "geometry": { "type": "Point", "coordinates": [ 121.025081, 14.72368422 ] } },
{ "type": "Feature", "properties": { "107975": 136532, "Mandaluyong Addition Hills Elementary School": "Delfin M. Geraldez Memorial ES", "14.58393475": 14.73027057, "121.036764": 121.052796, "City of Mandaluyong": "Quezon City" }, "geometry": { "type": "Point", "coordinates": [ 121.052796, 14.73027057 ] } },
{ "type": "Feature", "properties": { "107975": 136533, "Mandaluyong Addition Hills Elementary School": "Kaligayahan ES", "14.58393475": 14.72889888, "121.036764": 121.0458674, "City of Mandaluyong": "Quezon City" }, "geometry": { "type": "Point", "coordinates": [ 121.0458674, 14.72889888 ] } },
{ "type": "Feature", "properties": { "107975": 136534, "Mandaluyong Addition Hills Elementary School": "Lagro Elementary School", "14.58393475": 14.72920134, "121.036764": 121.0674882, "City of Mandaluyong": "Quezon City" }, "geometry": { "type": "Point", "coordinates": [ 121.0674882, 14.72920134 ] } },
{ "type": "Feature", "properties": { "107975": 136535, "Mandaluyong Addition Hills Elementary School": "Maligaya Elementary School", "14.58393475": 14.74176102, "121.036764": 121.0652607, "City of Mandaluyong": "Quezon City" }, "geometry": { "type": "Point", "coordinates": [ 121.0652607, 14.74176102 ] } },
{ "type": "Feature", "properties": { "107975": 136536, "Mandaluyong Addition Hills Elementary School": "Nagkaisang Nayon Elementary School", "14.58393475": 14.7178112, "121.036764": 121.0274558, "City of Mandaluyong": "Quezon City" }, "geometry": { "type": "Point", "coordinates": [ 121.0274558, 14.7178112 ] } },
{ "type": "Feature", "properties": { "107975": 136537, "Mandaluyong Addition Hills Elementary School": "North Fairview Elementary School", "14.58393475": 14.70845991, "121.036764": 121.0658533, "City of Mandaluyong": "Quezon City" }, "geometry": { "type": "Point", "coordinates": [ 121.0658533, 14.70845991 ] } },
{ "type": "Feature", "properties": { "107975": 136538, "Mandaluyong Addition Hills Elementary School": "San Agustin Elementary School", "14.58393475": 14.72785039, "121.036764": 121.0365411, "City of Mandaluyong": "Quezon City" }, "geometry": { "type": "Point", "coordinates": [ 121.0365411, 14.72785039 ] } },
{ "type": "Feature", "properties": { "107975": 136539, "Mandaluyong Addition Hills Elementary School": "Bagong Silangan Elementary School", "14.58393475": 14.69677428, "121.036764": 121.10984, "City of Mandaluyong": "Quezon City" }, "geometry": { "type": "Point", "coordinates": [ 121.10984, 14.69677428 ] } },
{ "type": "Feature", "properties": { "107975": 136540, "Mandaluyong Addition Hills Elementary School": "President Corazon C. Aquino Elementary School", "14.58393475": 14.68943344, "121.036764": 121.093494, "City of Mandaluyong": "Quezon City" }, "geometry": { "type": "Point", "coordinates": [ 121.093494, 14.68943344 ] } },
{ "type": "Feature", "properties": { "107975": 136541, "Mandaluyong Addition Hills Elementary School": "Commonwealth Elementary School", "14.58393475": 14.69767113, "121.036764": 121.0880273, "City of Mandaluyong": "Quezon City" }, "geometry": { "type": "Point", "coordinates": [ 121.0880273, 14.69767113 ] } },
{ "type": "Feature", "properties": { "107975": 136542, "Mandaluyong Addition Hills Elementary School": "Doña Juana Elementary School", "14.58393475": 14.68952121, "121.036764": 121.0817753, "City of Mandaluyong": "Quezon City" }, "geometry": { "type": "Point", "coordinates": [ 121.0817753, 14.68952121 ] } },
{ "type": "Feature", "properties": { "107975": 136543, "Mandaluyong Addition Hills Elementary School": "Fairview Elementary School", "14.58393475": 14.70887601, "121.036764": 121.0666288, "City of Mandaluyong": "Quezon City" }, "geometry": { "type": "Point", "coordinates": [ 121.0666288, 14.70887601 ] } },
{ "type": "Feature", "properties": { "107975": 136544, "Mandaluyong Addition Hills Elementary School": "Holy Spirit Elementary School", "14.58393475": 14.67817482, "121.036764": 121.0722837, "City of Mandaluyong": "Quezon City" }, "geometry": { "type": "Point", "coordinates": [ 121.0722837, 14.67817482 ] } },
{ "type": "Feature", "properties": { "107975": 136545, "Mandaluyong Addition Hills Elementary School": "Lupang Pangako Elementary School", "14.58393475": 14.71923626, "121.036764": 121.1071281, "City of Mandaluyong": "Quezon City" }, "geometry": { "type": "Point", "coordinates": [ 121.1071281, 14.71923626 ] } },
{ "type": "Feature", "properties": { "107975": 136546, "Mandaluyong Addition Hills Elementary School": "Manuel L. Quezon Elementary School", "14.58393475": 14.69562678, "121.036764": 121.0793399, "City of Mandaluyong": "Quezon City" }, "geometry": { "type": "Point", "coordinates": [ 121.0793399, 14.69562678 ] } },
{ "type": "Feature", "properties": { "107975": 136547, "Mandaluyong Addition Hills Elementary School": "Melencio M. Castelo Elementary School", "14.58393475": 14.69901564, "121.036764": 121.0952241, "City of Mandaluyong": "Quezon City" }, "geometry": { "type": "Point", "coordinates": [ 121.0952241, 14.69901564 ] } },
{ "type": "Feature", "properties": { "107975": 136548, "Mandaluyong Addition Hills Elementary School": "Payatas B Elementary School", "14.58393475": 14.71368201, "121.036764": 121.0938054, "City of Mandaluyong": "Quezon City" }, "geometry": { "type": "Point", "coordinates": [ 121.0938054, 14.71368201 ] } },
{ "type": "Feature", "properties": { "107975": 136549, "Mandaluyong Addition Hills Elementary School": "Payatas B Annex Elementary School", "14.58393475": 14.72741725, "121.036764": 121.1176134, "City of Mandaluyong": "Quezon City" }, "geometry": { "type": "Point", "coordinates": [ 121.1176134, 14.72741725 ] } },
{ "type": "Feature", "properties": { "107975": 136550, "Mandaluyong Addition Hills Elementary School": "Payatas C Elementary School", "14.58393475": 14.71458054, "121.036764": 121.0974059, "City of Mandaluyong": "Quezon City" }, "geometry": { "type": "Point", "coordinates": [ 121.0974059, 14.71458054 ] } },
{ "type": "Feature", "properties": { "107975": 136551, "Mandaluyong Addition Hills Elementary School": "San Diego Elementary School", "14.58393475": 14.68669333, "121.036764": 121.0947768, "City of Mandaluyong": "Quezon City" }, "geometry": { "type": "Point", "coordinates": [ 121.0947768, 14.68669333 ] } },
{ "type": "Feature", "properties": { "107975": 136552, "Mandaluyong Addition Hills Elementary School": "Bagumbayan ES", "14.58393475": 14.60789571, "121.036764": 121.0827569, "City of Mandaluyong": "Quezon City" }, "geometry": { "type": "Point", "coordinates": [ 121.0827569, 14.60789571 ] } },
{ "type": "Feature", "properties": { "107975": 136553, "Mandaluyong Addition Hills Elementary School": "Balara Elementary School", "14.58393475": 14.65256573, "121.036764": 121.0777332, "City of Mandaluyong": "Quezon City" }, "geometry": { "type": "Point", "coordinates": [ 121.0777332, 14.65256573 ] } },
{ "type": "Feature", "properties": { "107975": 136554, "Mandaluyong Addition Hills Elementary School": "Libis ES", "14.58393475": 14.61535221, "121.036764": 121.0726863, "City of Mandaluyong": "Quezon City" }, "geometry": { "type": "Point", "coordinates": [ 121.0726863, 14.61535221 ] } },
{ "type": "Feature", "properties": { "107975": 136555, "Mandaluyong Addition Hills Elementary School": "Old Balara Elementary School", "14.58393475": 14.67249557, "121.036764": 121.0764037, "City of Mandaluyong": "Quezon City" }, "geometry": { "type": "Point", "coordinates": [ 121.0764037, 14.67249557 ] } },
{ "type": "Feature", "properties": { "107975": 136557, "Mandaluyong Addition Hills Elementary School": "Cubao Elementary School", "14.58393475": 14.62267939, "121.036764": 121.0507877, "City of Mandaluyong": "Quezon City" }, "geometry": { "type": "Point", "coordinates": [ 121.0507877, 14.62267939 ] } },
{ "type": "Feature", "properties": { "107975": 136558, "Mandaluyong Addition Hills Elementary School": "Eulogio Rodriguez, Sr. Elementary School", "14.58393475": 14.63005712, "121.036764": 121.054132, "City of Mandaluyong": "Quezon City" }, "geometry": { "type": "Point", "coordinates": [ 121.054132, 14.63005712 ] } },
{ "type": "Feature", "properties": { "107975": 136559, "Mandaluyong Addition Hills Elementary School": "Quirino ES", "14.58393475": 14.63231396, "121.036764": 121.0610981, "City of Mandaluyong": "Quezon City" }, "geometry": { "type": "Point", "coordinates": [ 121.0610981, 14.63231396 ] } },
{ "type": "Feature", "properties": { "107975": 136560, "Mandaluyong Addition Hills Elementary School": "Batino Elementary School (SPED Center)", "14.58393475": 14.63272854, "121.036764": 121.070608, "City of Mandaluyong": "Quezon City" }, "geometry": { "type": "Point", "coordinates": [ 121.070608, 14.63272854 ] } },
{ "type": "Feature", "properties": { "107975": 136562, "Mandaluyong Addition Hills Elementary School": "Kalantiyaw Elementary School", "14.58393475": 14.62384213, "121.036764": 121.0652435, "City of Mandaluyong": "Quezon City" }, "geometry": { "type": "Point", "coordinates": [ 121.0652435, 14.62384213 ] } },
{ "type": "Feature", "properties": { "107975": 136563, "Mandaluyong Addition Hills Elementary School": "Project 3 Elementary School", "14.58393475": 14.6300494, "121.036764": 121.0676357, "City of Mandaluyong": "Quezon City" }, "geometry": { "type": "Point", "coordinates": [ 121.0676357, 14.6300494 ] } },
{ "type": "Feature", "properties": { "107975": 136564, "Mandaluyong Addition Hills Elementary School": "Pura V. Kalaw Elementary School", "14.58393475": 14.62122981, "121.036764": 121.0679193, "City of Mandaluyong": "Quezon City" }, "geometry": { "type": "Point", "coordinates": [ 121.0679193, 14.62122981 ] } },
{ "type": "Feature", "properties": { "107975": 136565, "Mandaluyong Addition Hills Elementary School": "Teodora Alonzo Elementary School", "14.58393475": 14.62550345, "121.036764": 121.0695852, "City of Mandaluyong": "Quezon City" }, "geometry": { "type": "Point", "coordinates": [ 121.0695852, 14.62550345 ] } },
{ "type": "Feature", "properties": { "107975": 136566, "Mandaluyong Addition Hills Elementary School": "15th Avenue Elementary School", "14.58393475": 14.6213692, "121.036764": 121.0579256, "City of Mandaluyong": "Quezon City" }, "geometry": { "type": "Point", "coordinates": [ 121.0579256, 14.6213692 ] } },
{ "type": "Feature", "properties": { "107975": 136567, "Mandaluyong Addition Hills Elementary School": "Aguinaldo ES", "14.58393475": 14.61722898, "121.036764": 121.0632474, "City of Mandaluyong": "Quezon City" }, "geometry": { "type": "Point", "coordinates": [ 121.0632474, 14.61722898 ] } },
{ "type": "Feature", "properties": { "107975": 136568, "Mandaluyong Addition Hills Elementary School": "Camarilla Elementary School", "14.58393475": 14.61488396, "121.036764": 121.0630107, "City of Mandaluyong": "Quezon City" }, "geometry": { "type": "Point", "coordinates": [ 121.0630107, 14.61488396 ] } },
{ "type": "Feature", "properties": { "107975": 136569, "Mandaluyong Addition Hills Elementary School": "Dona Josefa E. Marcos ES", "14.58393475": 14.61587563, "121.036764": 121.0630245, "City of Mandaluyong": "Quezon City" }, "geometry": { "type": "Point", "coordinates": [ 121.0630245, 14.61587563 ] } },
{ "type": "Feature", "properties": { "107975": 136570, "Mandaluyong Addition Hills Elementary School": "Fort Aguinaldo Elementary School", "14.58393475": 14.6014476, "121.036764": 121.0620983, "City of Mandaluyong": "Quezon City" }, "geometry": { "type": "Point", "coordinates": [ 121.0620983, 14.6014476 ] } },
{ "type": "Feature", "properties": { "107975": 136571, "Mandaluyong Addition Hills Elementary School": "Cruz na Ligas Elementary School", "14.58393475": 14.64396998, "121.036764": 121.0639569, "City of Mandaluyong": "Quezon City" }, "geometry": { "type": "Point", "coordinates": [ 121.0639569, 14.64396998 ] } },
{ "type": "Feature", "properties": { "107975": 136572, "Mandaluyong Addition Hills Elementary School": "Malaya Elementary School", "14.58393475": 14.63494666, "121.036764": 121.0550237, "City of Mandaluyong": "Quezon City" }, "geometry": { "type": "Point", "coordinates": [ 121.0550237, 14.63494666 ] } },
{ "type": "Feature", "properties": { "107975": 136573, "Mandaluyong Addition Hills Elementary School": "Pinyahan ES", "14.58393475": 14.63836795, "121.036764": 121.0504143, "City of Mandaluyong": "Quezon City" }, "geometry": { "type": "Point", "coordinates": [ 121.0504143, 14.63836795 ] } },
{ "type": "Feature", "properties": { "107975": 136574, "Mandaluyong Addition Hills Elementary School": "San Vicente Elementary School", "14.58393475": 14.65355814, "121.036764": 121.0573496, "City of Mandaluyong": "Quezon City" }, "geometry": { "type": "Point", "coordinates": [ 121.0573496, 14.65355814 ] } },
{ "type": "Feature", "properties": { "107975": 136575, "Mandaluyong Addition Hills Elementary School": "Camp Crame Elementary School", "14.58393475": 14.60584258, "121.036764": 121.0521217, "City of Mandaluyong": "Quezon City" }, "geometry": { "type": "Point", "coordinates": [ 121.0521217, 14.60584258 ] } },
{ "type": "Feature", "properties": { "107975": 136577, "Mandaluyong Addition Hills Elementary School": "Ponciano Bernardo Elementary School", "14.58393475": 14.61436121, "121.036764": 121.049198, "City of Mandaluyong": "Quezon City" }, "geometry": { "type": "Point", "coordinates": [ 121.049198, 14.61436121 ] } },
{ "type": "Feature", "properties": { "107975": 136579, "Mandaluyong Addition Hills Elementary School": "General Roxas Elementary School", "14.58393475": 14.62784301, "121.036764": 121.0221138, "City of Mandaluyong": "Quezon City" }, "geometry": { "type": "Point", "coordinates": [ 121.0221138, 14.62784301 ] } },
{ "type": "Feature", "properties": { "107975": 136580, "Mandaluyong Addition Hills Elementary School": "Kamuning ES", "14.58393475": 14.6297941, "121.036764": 121.0365781, "City of Mandaluyong": "Quezon City" }, "geometry": { "type": "Point", "coordinates": [ 121.0365781, 14.6297941 ] } },
{ "type": "Feature", "properties": { "107975": 136581, "Mandaluyong Addition Hills Elementary School": "Marcelo H. del Pilar Elementary School", "14.58393475": 14.62886982, "121.036764": 121.0446149, "City of Mandaluyong": "Quezon City" }, "geometry": { "type": "Point", "coordinates": [ 121.0446149, 14.62886982 ] } },
{ "type": "Feature", "properties": { "107975": 136582, "Mandaluyong Addition Hills Elementary School": "Tomas Morato Elementary School", "14.58393475": 14.62546864, "121.036764": 121.036839, "City of Mandaluyong": "Quezon City" }, "geometry": { "type": "Point", "coordinates": [ 121.036839, 14.62546864 ] } },
{ "type": "Feature", "properties": { "107975": 136583, "Mandaluyong Addition Hills Elementary School": "Aurora A. Quezon Elementary School", "14.58393475": 14.61619133, "121.036764": 121.0083077, "City of Mandaluyong": "Quezon City" }, "geometry": { "type": "Point", "coordinates": [ 121.0083077, 14.61619133 ] } },
{ "type": "Feature", "properties": { "107975": 136584, "Mandaluyong Addition Hills Elementary School": "Betty Go Belmonte Elementary School", "14.58393475": 14.61555642, "121.036764": 121.0185505, "City of Mandaluyong": "Quezon City" }, "geometry": { "type": "Point", "coordinates": [ 121.0185505, 14.61555642 ] } },
{ "type": "Feature", "properties": { "107975": 136585, "Mandaluyong Addition Hills Elementary School": "Diosdado P. Macapagal Elementary School", "14.58393475": 14.62247268, "121.036764": 121.0125954, "City of Mandaluyong": "Quezon City" }, "geometry": { "type": "Point", "coordinates": [ 121.0125954, 14.62247268 ] } },
{ "type": "Feature", "properties": { "107975": 136586, "Mandaluyong Addition Hills Elementary School": "Bernabe Elementary School", "14.58393475": 14.55678874, "121.036764": 120.9971827, "City of Mandaluyong": "Pasay City" }, "geometry": { "type": "Point", "coordinates": [ 120.9971827, 14.55678874 ] } },
{ "type": "Feature", "properties": { "107975": 136587, "Mandaluyong Addition Hills Elementary School": "Epifanio delos Santos Elementary School", "14.58393475": 14.55212659, "121.036764": 121.0008787, "City of Mandaluyong": "Pasay City" }, "geometry": { "type": "Point", "coordinates": [ 121.0008787, 14.55212659 ] } },
{ "type": "Feature", "properties": { "107975": 136588, "Mandaluyong Addition Hills Elementary School": "Padre Burgos Elementary School", "14.58393475": 14.54972432, "121.036764": 121.0008685, "City of Mandaluyong": "Pasay City" }, "geometry": { "type": "Point", "coordinates": [ 121.0008685, 14.54972432 ] } },
{ "type": "Feature", "properties": { "107975": 136589, "Mandaluyong Addition Hills Elementary School": "Rafael Palma Elementary School", "14.58393475": 14.56017884, "121.036764": 120.9971123, "City of Mandaluyong": "Pasay City" }, "geometry": { "type": "Point", "coordinates": [ 120.9971123, 14.56017884 ] } },
{ "type": "Feature", "properties": { "107975": 136590, "Mandaluyong Addition Hills Elementary School": "Apelo Cruz Elementary School", "14.58393475": 14.5350419, "121.036764": 121.0063786, "City of Mandaluyong": "Pasay City" }, "geometry": { "type": "Point", "coordinates": [ 121.0063786, 14.5350419 ] } },
{ "type": "Feature", "properties": { "107975": 136591, "Mandaluyong Addition Hills Elementary School": "Cuneta ES", "14.58393475": 14.5356162, "121.036764": 120.998291, "City of Mandaluyong": "Pasay City" }, "geometry": { "type": "Point", "coordinates": [ 120.998291, 14.5356162 ] } },
{ "type": "Feature", "properties": { "107975": 136592, "Mandaluyong Addition Hills Elementary School": "Don Carlos Village ES", "14.58393475": 14.53352518, "121.036764": 121.0005314, "City of Mandaluyong": "Pasay City" }, "geometry": { "type": "Point", "coordinates": [ 121.0005314, 14.53352518 ] } },
{ "type": "Feature", "properties": { "107975": 136593, "Mandaluyong Addition Hills Elementary School": "Kalayaan Elementary School", "14.58393475": 14.50824886, "121.036764": 121.0300164, "City of Mandaluyong": "Pasay City" }, "geometry": { "type": "Point", "coordinates": [ 121.0300164, 14.50824886 ] } },
{ "type": "Feature", "properties": { "107975": 136594, "Mandaluyong Addition Hills Elementary School": "Maricaban Elementary School", "14.58393475": 14.5294691, "121.036764": 121.0065663, "City of Mandaluyong": "Pasay City" }, "geometry": { "type": "Point", "coordinates": [ 121.0065663, 14.5294691 ] } },
{ "type": "Feature", "properties": { "107975": 136595, "Mandaluyong Addition Hills Elementary School": "Rivera Village Elementary School", "14.58393475": 14.50831983, "121.036764": 121.0011822, "City of Mandaluyong": "Pasay City" }, "geometry": { "type": "Point", "coordinates": [ 121.0011822, 14.50831983 ] } },
{ "type": "Feature", "properties": { "107975": 136596, "Mandaluyong Addition Hills Elementary School": "Villamor Airbase Elementary School", "14.58393475": 14.52981593, "121.036764": 121.0214276, "City of Mandaluyong": "Pasay City" }, "geometry": { "type": "Point", "coordinates": [ 121.0214276, 14.52981593 ] } },
{ "type": "Feature", "properties": { "107975": 136598, "Mandaluyong Addition Hills Elementary School": "Juan Sumulong Elementary School", "14.58393475": 14.54653664, "121.036764": 121.0078287, "City of Mandaluyong": "Pasay City" }, "geometry": { "type": "Point", "coordinates": [ 121.0078287, 14.54653664 ] } },
{ "type": "Feature", "properties": { "107975": 136599, "Mandaluyong Addition Hills Elementary School": "Marcela Marcelo Elementary School", "14.58393475": 14.53363626, "121.036764": 121.0124901, "City of Mandaluyong": "Pasay City" }, "geometry": { "type": "Point", "coordinates": [ 121.0124901, 14.53363626 ] } },
{ "type": "Feature", "properties": { "107975": 136600, "Mandaluyong Addition Hills Elementary School": "Padre Zamora Elementary School", "14.58393475": 14.5450699, "121.036764": 121.0016606, "City of Mandaluyong": "Pasay City" }, "geometry": { "type": "Point", "coordinates": [ 121.0016606, 14.5450699 ] } },
{ "type": "Feature", "properties": { "107975": 136601, "Mandaluyong Addition Hills Elementary School": "Timoteo Paez Elementary School", "14.58393475": 14.5358737, "121.036764": 121.0078696, "City of Mandaluyong": "Pasay City" }, "geometry": { "type": "Point", "coordinates": [ 121.0078696, 14.5358737 ] } },
{ "type": "Feature", "properties": { "107975": 136602, "Mandaluyong Addition Hills Elementary School": "Andres Bonifacio Elementary School", "14.58393475": 14.55396291, "121.036764": 120.9941944, "City of Mandaluyong": "Pasay City" }, "geometry": { "type": "Point", "coordinates": [ 120.9941944, 14.55396291 ] } },
{ "type": "Feature", "properties": { "107975": 136603, "Mandaluyong Addition Hills Elementary School": "Gotamco Elementary School", "14.58393475": 14.55747046, "121.036764": 120.9923781, "City of Mandaluyong": "Pasay City" }, "geometry": { "type": "Point", "coordinates": [ 120.9923781, 14.55747046 ] } },
{ "type": "Feature", "properties": { "107975": 136604, "Mandaluyong Addition Hills Elementary School": "Jose Rizal Elementary School", "14.58393475": 14.54361268, "121.036764": 120.9976577, "City of Mandaluyong": "Pasay City" }, "geometry": { "type": "Point", "coordinates": [ 120.9976577, 14.54361268 ] } },
{ "type": "Feature", "properties": { "107975": 136605, "Mandaluyong Addition Hills Elementary School": "P. Villanueva Elementary School", "14.58393475": 14.54343296, "121.036764": 120.9980954, "City of Mandaluyong": "Pasay City" }, "geometry": { "type": "Point", "coordinates": [ 120.9980954, 14.54343296 ] } },
{ "type": "Feature", "properties": { "107975": 136606, "Mandaluyong Addition Hills Elementary School": "Grace Park Elementary School", "14.58393475": 14.64582714, "121.036764": 120.9769376, "City of Mandaluyong": "City of Caloocan" }, "geometry": { "type": "Point", "coordinates": [ 120.9769376, 14.64582714 ] } },
{ "type": "Feature", "properties": { "107975": 136608, "Mandaluyong Addition Hills Elementary School": "Kasarinlan Elementary School", "14.58393475": 14.64195995, "121.036764": 120.9692194, "City of Mandaluyong": "City of Caloocan" }, "geometry": { "type": "Point", "coordinates": [ 120.9692194, 14.64195995 ] } },
{ "type": "Feature", "properties": { "107975": 136609, "Mandaluyong Addition Hills Elementary School": "Kaunlaran Elementary School", "14.58393475": 14.64738499, "121.036764": 120.9694958, "City of Mandaluyong": "City of Caloocan" }, "geometry": { "type": "Point", "coordinates": [ 120.9694958, 14.64738499 ] } },
{ "type": "Feature", "properties": { "107975": 136610, "Mandaluyong Addition Hills Elementary School": "Lerma Elementary School", "14.58393475": 14.63999394, "121.036764": 120.9724706, "City of Mandaluyong": "City of Caloocan" }, "geometry": { "type": "Point", "coordinates": [ 120.9724706, 14.63999394 ] } },
{ "type": "Feature", "properties": { "107975": 136611, "Mandaluyong Addition Hills Elementary School": "Libis Talisay Elementary School", "14.58393475": 14.65492425, "121.036764": 120.969985, "City of Mandaluyong": "City of Caloocan" }, "geometry": { "type": "Point", "coordinates": [ 120.969985, 14.65492425 ] } },
{ "type": "Feature", "properties": { "107975": 136613, "Mandaluyong Addition Hills Elementary School": "Maypajo ES", "14.58393475": 14.63799, "121.036764": 120.973, "City of Mandaluyong": "City of Caloocan" }, "geometry": { "type": "Point", "coordinates": [ 120.973, 14.63799 ] } },
{ "type": "Feature", "properties": { "107975": 136614, "Mandaluyong Addition Hills Elementary School": "Sampalukan Elementary School", "14.58393475": 14.64413408, "121.036764": 120.9731265, "City of Mandaluyong": "City of Caloocan" }, "geometry": { "type": "Point", "coordinates": [ 120.9731265, 14.64413408 ] } },
{ "type": "Feature", "properties": { "107975": 136615, "Mandaluyong Addition Hills Elementary School": "Andres Bonifacio Elementary School", "14.58393475": 14.65638678, "121.036764": 120.9731726, "City of Mandaluyong": "City of Caloocan" }, "geometry": { "type": "Point", "coordinates": [ 120.9731726, 14.65638678 ] } },
{ "type": "Feature", "properties": { "107975": 136616, "Mandaluyong Addition Hills Elementary School": "Bagong Silang Elementary School", "14.58393475": 14.64250693, "121.036764": 120.9851639, "City of Mandaluyong": "City of Caloocan" }, "geometry": { "type": "Point", "coordinates": [ 120.9851639, 14.64250693 ] } },
{ "type": "Feature", "properties": { "107975": 136617, "Mandaluyong Addition Hills Elementary School": "Caloocan Central Elementary School", "14.58393475": 14.65029622, "121.036764": 120.9742917, "City of Mandaluyong": "City of Caloocan" }, "geometry": { "type": "Point", "coordinates": [ 120.9742917, 14.65029622 ] } },
{ "type": "Feature", "properties": { "107975": 136618, "Mandaluyong Addition Hills Elementary School": "Gregoria de Jesus Elementary School", "14.58393475": 14.65055952, "121.036764": 120.9806708, "City of Mandaluyong": "City of Caloocan" }, "geometry": { "type": "Point", "coordinates": [ 120.9806708, 14.65055952 ] } },
{ "type": "Feature", "properties": { "107975": 136619, "Mandaluyong Addition Hills Elementary School": "Cayetano Arellano Elementary School", "14.58393475": 14.6444563, "121.036764": 120.9913044, "City of Mandaluyong": "City of Caloocan" }, "geometry": { "type": "Point", "coordinates": [ 120.9913044, 14.6444563 ] } },
{ "type": "Feature", "properties": { "107975": 136620, "Mandaluyong Addition Hills Elementary School": "Cecilio Apostol Elementary School", "14.58393475": 14.64791684, "121.036764": 120.9855229, "City of Mandaluyong": "City of Caloocan" }, "geometry": { "type": "Point", "coordinates": [ 120.9855229, 14.64791684 ] } },
{ "type": "Feature", "properties": { "107975": 136621, "Mandaluyong Addition Hills Elementary School": "Gomburza Elementary School", "14.58393475": 14.65712847, "121.036764": 120.9775793, "City of Mandaluyong": "City of Caloocan" }, "geometry": { "type": "Point", "coordinates": [ 120.9775793, 14.65712847 ] } },
{ "type": "Feature", "properties": { "107975": 136622, "Mandaluyong Addition Hills Elementary School": "Eulogio Rodriguez Elementary School", "14.58393475": 14.6531331, "121.036764": 120.995056, "City of Mandaluyong": "City of Caloocan" }, "geometry": { "type": "Point", "coordinates": [ 120.995056, 14.6531331 ] } },
{ "type": "Feature", "properties": { "107975": 136623, "Mandaluyong Addition Hills Elementary School": "San Jose Elementary School", "14.58393475": 14.63924216, "121.036764": 120.9891061, "City of Mandaluyong": "City of Caloocan" }, "geometry": { "type": "Point", "coordinates": [ 120.9891061, 14.63924216 ] } },
{ "type": "Feature", "properties": { "107975": 136625, "Mandaluyong Addition Hills Elementary School": "Baesa Elementary School", "14.58393475": 14.67380548, "121.036764": 121.0016725, "City of Mandaluyong": "City of Caloocan" }, "geometry": { "type": "Point", "coordinates": [ 121.0016725, 14.67380548 ] } },
{ "type": "Feature", "properties": { "107975": 136626, "Mandaluyong Addition Hills Elementary School": "Libis Baesa Elementary School – Baesa Annex", "14.58393475": 14.68212192, "121.036764": 121.000069, "City of Mandaluyong": "City of Caloocan" }, "geometry": { "type": "Point", "coordinates": [ 121.000069, 14.68212192 ] } },
{ "type": "Feature", "properties": { "107975": 136627, "Mandaluyong Addition Hills Elementary School": "Bagong Barrio Elementary School", "14.58393475": 14.66426213, "121.036764": 120.9967108, "City of Mandaluyong": "City of Caloocan" }, "geometry": { "type": "Point", "coordinates": [ 120.9967108, 14.66426213 ] } },
{ "type": "Feature", "properties": { "107975": 136628, "Mandaluyong Addition Hills Elementary School": "East Bagong Barrio Elementary School", "14.58393475": 14.66802493, "121.036764": 121.0017603, "City of Mandaluyong": "City of Caloocan" }, "geometry": { "type": "Point", "coordinates": [ 121.0017603, 14.66802493 ] } },
{ "type": "Feature", "properties": { "107975": 136629, "Mandaluyong Addition Hills Elementary School": "Morning Breeze Elementary School", "14.58393475": 14.66151783, "121.036764": 120.9887365, "City of Mandaluyong": "City of Caloocan" }, "geometry": { "type": "Point", "coordinates": [ 120.9887365, 14.66151783 ] } },
{ "type": "Feature", "properties": { "107975": 136630, "Mandaluyong Addition Hills Elementary School": "Santa Quiteria Elementary School", "14.58393475": 14.68049403, "121.036764": 121.0098286, "City of Mandaluyong": "City of Caloocan" }, "geometry": { "type": "Point", "coordinates": [ 121.0098286, 14.68049403 ] } },
{ "type": "Feature", "properties": { "107975": 136631, "Mandaluyong Addition Hills Elementary School": "Talipapa Elementary School", "14.58393475": 14.68674301, "121.036764": 121.0186408, "City of Mandaluyong": "City of Caloocan" }, "geometry": { "type": "Point", "coordinates": [ 121.0186408, 14.68674301 ] } },
{ "type": "Feature", "properties": { "107975": 136632, "Mandaluyong Addition Hills Elementary School": "Amparo Elementary School", "14.58393475": 14.75322661, "121.036764": 121.0760538, "City of Mandaluyong": "City of Caloocan" }, "geometry": { "type": "Point", "coordinates": [ 121.0760538, 14.75322661 ] } },
{ "type": "Feature", "properties": { "107975": 136633, "Mandaluyong Addition Hills Elementary School": "Camarin D Elementary School", "14.58393475": 14.75665046, "121.036764": 121.0565909, "City of Mandaluyong": "City of Caloocan" }, "geometry": { "type": "Point", "coordinates": [ 121.0565909, 14.75665046 ] } },
{ "type": "Feature", "properties": { "107975": 136634, "Mandaluyong Addition Hills Elementary School": "Camarin Elementary School", "14.58393475": 14.76180582, "121.036764": 121.0434193, "City of Mandaluyong": "City of Caloocan" }, "geometry": { "type": "Point", "coordinates": [ 121.0434193, 14.76180582 ] } },
{ "type": "Feature", "properties": { "107975": 136635, "Mandaluyong Addition Hills Elementary School": "Cielito Zamora Memorial School", "14.58393475": 14.74834964, "121.036764": 121.0493144, "City of Mandaluyong": "City of Caloocan" }, "geometry": { "type": "Point", "coordinates": [ 121.0493144, 14.74834964 ] } },
{ "type": "Feature", "properties": { "107975": 136636, "Mandaluyong Addition Hills Elementary School": "Congress Elementary School", "14.58393475": 14.75368592, "121.036764": 121.0327573, "City of Mandaluyong": "City of Caloocan" }, "geometry": { "type": "Point", "coordinates": [ 121.0327573, 14.75368592 ] } },
{ "type": "Feature", "properties": { "107975": 136637, "Mandaluyong Addition Hills Elementary School": "Horacio dela Costa Elementary School", "14.58393475": 14.74690338, "121.036764": 121.0737665, "City of Mandaluyong": "City of Caloocan" }, "geometry": { "type": "Point", "coordinates": [ 121.0737665, 14.74690338 ] } },
{ "type": "Feature", "properties": { "107975": 136638, "Mandaluyong Addition Hills Elementary School": "Urduja Elementary School", "14.58393475": 14.7438109, "121.036764": 121.0358282, "City of Mandaluyong": "City of Caloocan" }, "geometry": { "type": "Point", "coordinates": [ 121.0358282, 14.7438109 ] } },
{ "type": "Feature", "properties": { "107975": 136639, "Mandaluyong Addition Hills Elementary School": "Bagong Silang ES", "14.58393475": 14.77650484, "121.036764": 121.0455854, "City of Mandaluyong": "City of Caloocan" }, "geometry": { "type": "Point", "coordinates": [ 121.0455854, 14.77650484 ] } },
{ "type": "Feature", "properties": { "107975": 136640, "Mandaluyong Addition Hills Elementary School": "Sto. Niño Elementary School", "14.58393475": 14.77589072, "121.036764": 121.0453488, "City of Mandaluyong": "City of Caloocan" }, "geometry": { "type": "Point", "coordinates": [ 121.0453488, 14.77589072 ] } },
{ "type": "Feature", "properties": { "107975": 136641, "Mandaluyong Addition Hills Elementary School": "Kalayaan Elementary School", "14.58393475": 14.78077528, "121.036764": 121.031361, "City of Mandaluyong": "City of Caloocan" }, "geometry": { "type": "Point", "coordinates": [ 121.031361, 14.78077528 ] } },
{ "type": "Feature", "properties": { "107975": 136642, "Mandaluyong Addition Hills Elementary School": "Star Elementary School - Unit Ⅰ", "14.58393475": 14.77051138, "121.036764": 121.0495656, "City of Mandaluyong": "City of Caloocan" }, "geometry": { "type": "Point", "coordinates": [ 121.0495656, 14.77051138 ] } },
{ "type": "Feature", "properties": { "107975": 136643, "Mandaluyong Addition Hills Elementary School": "A. Mabini Elementary School", "14.58393475": 14.76637705, "121.036764": 121.0607353, "City of Mandaluyong": "City of Caloocan" }, "geometry": { "type": "Point", "coordinates": [ 121.0607353, 14.76637705 ] } },
{ "type": "Feature", "properties": { "107975": 136644, "Mandaluyong Addition Hills Elementary School": "Manuel L. Quezon Elementary School", "14.58393475": 14.76936194, "121.036764": 121.0788413, "City of Mandaluyong": "City of Caloocan" }, "geometry": { "type": "Point", "coordinates": [ 121.0788413, 14.76936194 ] } },
{ "type": "Feature", "properties": { "107975": 136645, "Mandaluyong Addition Hills Elementary School": "Marcelo H. del Pilar Elementary School – Annex", "14.58393475": 14.76882419, "121.036764": 121.0765143, "City of Mandaluyong": "City of Caloocan" }, "geometry": { "type": "Point", "coordinates": [ 121.0765143, 14.76882419 ] } },
{ "type": "Feature", "properties": { "107975": 136646, "Mandaluyong Addition Hills Elementary School": "NHC ES", "14.58393475": 14.77337787, "121.036764": 121.0697434, "City of Mandaluyong": "City of Caloocan" }, "geometry": { "type": "Point", "coordinates": [ 121.0697434, 14.77337787 ] } },
{ "type": "Feature", "properties": { "107975": 136647, "Mandaluyong Addition Hills Elementary School": "Pag-asa ES", "14.58393475": 14.77408911, "121.036764": 121.0585613, "City of Mandaluyong": "City of Caloocan" }, "geometry": { "type": "Point", "coordinates": [ 121.0585613, 14.77408911 ] } },
{ "type": "Feature", "properties": { "107975": 136648, "Mandaluyong Addition Hills Elementary School": "Pangarap ES", "14.58393475": 14.76346824, "121.036764": 121.091699, "City of Mandaluyong": "City of Caloocan" }, "geometry": { "type": "Point", "coordinates": [ 121.091699, 14.76346824 ] } },
{ "type": "Feature", "properties": { "107975": 136649, "Mandaluyong Addition Hills Elementary School": "Tala ES", "14.58393475": 14.76642797, "121.036764": 121.0683381, "City of Mandaluyong": "City of Caloocan" }, "geometry": { "type": "Point", "coordinates": [ 121.0683381, 14.76642797 ] } },
{ "type": "Feature", "properties": { "107975": 136650, "Mandaluyong Addition Hills Elementary School": "Bagbaguin Elementary School", "14.58393475": 14.71626516, "121.036764": 121.0043533, "City of Mandaluyong": "City of Caloocan" }, "geometry": { "type": "Point", "coordinates": [ 121.0043533, 14.71626516 ] } },
{ "type": "Feature", "properties": { "107975": 136651, "Mandaluyong Addition Hills Elementary School": "Bagumbong E/S", "14.58393475": 14.74834588, "121.036764": 121.0227048, "City of Mandaluyong": "City of Caloocan" }, "geometry": { "type": "Point", "coordinates": [ 121.0227048, 14.74834588 ] } },
{ "type": "Feature", "properties": { "107975": 136652, "Mandaluyong Addition Hills Elementary School": "Caybiga Elementary School", "14.58393475": 14.71887787, "121.036764": 121.006897, "City of Mandaluyong": "City of Caloocan" }, "geometry": { "type": "Point", "coordinates": [ 121.006897, 14.71887787 ] } },
{ "type": "Feature", "properties": { "107975": 136653, "Mandaluyong Addition Hills Elementary School": "Deparo Elementary School", "14.58393475": 14.74150112, "121.036764": 121.0219987, "City of Mandaluyong": "City of Caloocan" }, "geometry": { "type": "Point", "coordinates": [ 121.0219987, 14.74150112 ] } },
{ "type": "Feature", "properties": { "107975": 136654, "Mandaluyong Addition Hills Elementary School": "Llano ES", "14.58393475": 14.73182822, "121.036764": 121.0141448, "City of Mandaluyong": "City of Caloocan" }, "geometry": { "type": "Point", "coordinates": [ 121.0141448, 14.73182822 ] } },
{ "type": "Feature", "properties": { "107975": 136655, "Mandaluyong Addition Hills Elementary School": "Sampaguita Elementary School", "14.58393475": 14.76944436, "121.036764": 121.0316446, "City of Mandaluyong": "City of Caloocan" }, "geometry": { "type": "Point", "coordinates": [ 121.0316446, 14.76944436 ] } },
{ "type": "Feature", "properties": { "107975": 136656, "Mandaluyong Addition Hills Elementary School": "Doña Basilisa Yangco Elementary School", "14.58393475": 14.5803902, "121.036764": 121.0187543, "City of Mandaluyong": "City of Mandaluyong" }, "geometry": { "type": "Point", "coordinates": [ 121.0187543, 14.5803902 ] } },
{ "type": "Feature", "properties": { "107975": 136657, "Mandaluyong Addition Hills Elementary School": "Filemon P. Javier Elementary School", "14.58393475": 14.579839, "121.036764": 121.0289399, "City of Mandaluyong": "City of Mandaluyong" }, "geometry": { "type": "Point", "coordinates": [ 121.0289399, 14.579839 ] } },
{ "type": "Feature", "properties": { "107975": 136660, "Mandaluyong Addition Hills Elementary School": "Mandaluyong Elementary School", "14.58393475": 14.58627872, "121.036764": 121.025134, "City of Mandaluyong": "City of Mandaluyong" }, "geometry": { "type": "Point", "coordinates": [ 121.025134, 14.58627872 ] } },
{ "type": "Feature", "properties": { "107975": 136661, "Mandaluyong Addition Hills Elementary School": "Plainview  Elementary School", "14.58393475": 14.57811058, "121.036764": 121.0298508, "City of Mandaluyong": "City of Mandaluyong" }, "geometry": { "type": "Point", "coordinates": [ 121.0298508, 14.57811058 ] } },
{ "type": "Feature", "properties": { "107975": 136662, "Mandaluyong Addition Hills Elementary School": "Renato R. Lopez Elementary School", "14.58393475": 14.58531049, "121.036764": 121.0210317, "City of Mandaluyong": "City of Mandaluyong" }, "geometry": { "type": "Point", "coordinates": [ 121.0210317, 14.58531049 ] } },
{ "type": "Feature", "properties": { "107975": 136663, "Mandaluyong Addition Hills Elementary School": "Amado T. Reyes Elementary School", "14.58393475": 14.56856578, "121.036764": 121.0514836, "City of Mandaluyong": "City of Mandaluyong" }, "geometry": { "type": "Point", "coordinates": [ 121.0514836, 14.56856578 ] } },
{ "type": "Feature", "properties": { "107975": 136665, "Mandaluyong Addition Hills Elementary School": "Doña Pilar C. Gonzaga Elementary School", "14.58393475": 14.58954002, "121.036764": 121.0307823, "City of Mandaluyong": "City of Mandaluyong" }, "geometry": { "type": "Point", "coordinates": [ 121.0307823, 14.58954002 ] } },
{ "type": "Feature", "properties": { "107975": 136669, "Mandaluyong Addition Hills Elementary School": "Nueve de Febrero Elementary School", "14.58393475": 14.58738262, "121.036764": 121.0387184, "City of Mandaluyong": "City of Mandaluyong" }, "geometry": { "type": "Point", "coordinates": [ 121.0387184, 14.58738262 ] } },
{ "type": "Feature", "properties": { "107975": 136670, "Mandaluyong Addition Hills Elementary School": "Pedro P. Cruz (Mauway) ES", "14.58393475": 14.57359835, "121.036764": 121.0384169, "City of Mandaluyong": "City of Mandaluyong" }, "geometry": { "type": "Point", "coordinates": [ 121.0384169, 14.57359835 ] } },
{ "type": "Feature", "properties": { "107975": 136671, "Mandaluyong Addition Hills Elementary School": "Barangka Elementary School", "14.58393475": 14.63348309, "121.036764": 121.0818355, "City of Mandaluyong": "City of Marikina" }, "geometry": { "type": "Point", "coordinates": [ 121.0818355, 14.63348309 ] } },
{ "type": "Feature", "properties": { "107975": 136672, "Mandaluyong Addition Hills Elementary School": "Industrial Valley Elementary School", "14.58393475": 14.62175258, "121.036764": 121.0803297, "City of Mandaluyong": "City of Marikina" }, "geometry": { "type": "Point", "coordinates": [ 121.0803297, 14.62175258 ] } },
{ "type": "Feature", "properties": { "107975": 136673, "Mandaluyong Addition Hills Elementary School": "Kalumpang Elementary School", "14.58393475": 14.62237827, "121.036764": 121.0900412, "City of Mandaluyong": "City of Marikina" }, "geometry": { "type": "Point", "coordinates": [ 121.0900412, 14.62237827 ] } },
{ "type": "Feature", "properties": { "107975": 136674, "Mandaluyong Addition Hills Elementary School": "Leodegario Victorino Elementary School", "14.58393475": 14.63549098, "121.036764": 121.0901375, "City of Mandaluyong": "City of Marikina" }, "geometry": { "type": "Point", "coordinates": [ 121.0901375, 14.63549098 ] } },
{ "type": "Feature", "properties": { "107975": 136675, "Mandaluyong Addition Hills Elementary School": "Malanday Elementary School", "14.58393475": 14.65039003, "121.036764": 121.0942967, "City of Mandaluyong": "City of Marikina" }, "geometry": { "type": "Point", "coordinates": [ 121.0942967, 14.65039003 ] } },
{ "type": "Feature", "properties": { "107975": 136676, "Mandaluyong Addition Hills Elementary School": "Marikina Elementary School", "14.58393475": 14.63115839, "121.036764": 121.0975947, "City of Mandaluyong": "City of Marikina" }, "geometry": { "type": "Point", "coordinates": [ 121.0975947, 14.63115839 ] } },
{ "type": "Feature", "properties": { "107975": 136677, "Mandaluyong Addition Hills Elementary School": "Nangka Elementary School", "14.58393475": 14.6729074, "121.036764": 121.1086036, "City of Mandaluyong": "City of Marikina" }, "geometry": { "type": "Point", "coordinates": [ 121.1086036, 14.6729074 ] } },
{ "type": "Feature", "properties": { "107975": 136678, "Mandaluyong Addition Hills Elementary School": "San Roque Elementary School", "14.58393475": 14.6231167, "121.036764": 121.0970336, "City of Mandaluyong": "City of Marikina" }, "geometry": { "type": "Point", "coordinates": [ 121.0970336, 14.6231167 ] } },
{ "type": "Feature", "properties": { "107975": 136680, "Mandaluyong Addition Hills Elementary School": "Concepcion Elementary School", "14.58393475": 14.64790863, "121.036764": 121.1037187, "City of Mandaluyong": "City of Marikina" }, "geometry": { "type": "Point", "coordinates": [ 121.1037187, 14.64790863 ] } },
{ "type": "Feature", "properties": { "107975": 136681, "Mandaluyong Addition Hills Elementary School": "Fortune Elementary School", "14.58393475": 14.6593083, "121.036764": 121.1262112, "City of Mandaluyong": "City of Marikina" }, "geometry": { "type": "Point", "coordinates": [ 121.1262112, 14.6593083 ] } },
{ "type": "Feature", "properties": { "107975": 136682, "Mandaluyong Addition Hills Elementary School": "Hermogenes Bautista Elementary School", "14.58393475": 14.6578336, "121.036764": 121.1041677, "City of Mandaluyong": "City of Marikina" }, "geometry": { "type": "Point", "coordinates": [ 121.1041677, 14.6578336 ] } },
{ "type": "Feature", "properties": { "107975": 136683, "Mandaluyong Addition Hills Elementary School": "Kapitan Moy Elementary School", "14.58393475": 14.64902863, "121.036764": 121.1186576, "City of Mandaluyong": "City of Marikina" }, "geometry": { "type": "Point", "coordinates": [ 121.1186576, 14.64902863 ] } },
{ "type": "Feature", "properties": { "107975": 136684, "Mandaluyong Addition Hills Elementary School": "Parang Elementary School", "14.58393475": 14.65725108, "121.036764": 121.1115741, "City of Mandaluyong": "City of Marikina" }, "geometry": { "type": "Point", "coordinates": [ 121.1115741, 14.65725108 ] } },
{ "type": "Feature", "properties": { "107975": 136685, "Mandaluyong Addition Hills Elementary School": "SSS Village Elementary School", "14.58393475": 14.64009091, "121.036764": 121.1214702, "City of Mandaluyong": "City of Marikina" }, "geometry": { "type": "Point", "coordinates": [ 121.1214702, 14.64009091 ] } },
{ "type": "Feature", "properties": { "107975": 136686, "Mandaluyong Addition Hills Elementary School": "Saint Mary Elementary School", "14.58393475": 14.66866458, "121.036764": 121.1135216, "City of Mandaluyong": "City of Marikina" }, "geometry": { "type": "Point", "coordinates": [ 121.1135216, 14.66866458 ] } },
{ "type": "Feature", "properties": { "107975": 136687, "Mandaluyong Addition Hills Elementary School": "Santo Niño Elementary School", "14.58393475": 14.63839888, "121.036764": 121.0962833, "City of Mandaluyong": "City of Marikina" }, "geometry": { "type": "Point", "coordinates": [ 121.0962833, 14.63839888 ] } },
{ "type": "Feature", "properties": { "107975": 136688, "Mandaluyong Addition Hills Elementary School": "Cembo Elementary School", "14.58393475": 14.56485167, "121.036764": 121.0497857, "City of Mandaluyong": "City of Taguig" }, "geometry": { "type": "Point", "coordinates": [ 121.0497857, 14.56485167 ] } },
{ "type": "Feature", "properties": { "107975": 136689, "Mandaluyong Addition Hills Elementary School": "Guadalupe Viejo Elementary School", "14.58393475": 14.56697577, "121.036764": 121.0399817, "City of Mandaluyong": "City of Makati" }, "geometry": { "type": "Point", "coordinates": [ 121.0399817, 14.56697577 ] } },
{ "type": "Feature", "properties": { "107975": 136690, "Mandaluyong Addition Hills Elementary School": "Makati Elementary School", "14.58393475": 14.5635302, "121.036764": 121.0335754, "City of Mandaluyong": "City of Makati" }, "geometry": { "type": "Point", "coordinates": [ 121.0335754, 14.5635302 ] } },
{ "type": "Feature", "properties": { "107975": 136691, "Mandaluyong Addition Hills Elementary School": "San Jose Elementary School", "14.58393475": 14.56384254, "121.036764": 121.0473601, "City of Mandaluyong": "City of Makati" }, "geometry": { "type": "Point", "coordinates": [ 121.0473601, 14.56384254 ] } },
{ "type": "Feature", "properties": { "107975": 136692, "Mandaluyong Addition Hills Elementary School": "Comembo Elementary School", "14.58393475": 14.54562198, "121.036764": 121.0640116, "City of Mandaluyong": "City of Taguig" }, "geometry": { "type": "Point", "coordinates": [ 121.0640116, 14.54562198 ] } },
{ "type": "Feature", "properties": { "107975": 136693, "Mandaluyong Addition Hills Elementary School": "East Rembo ES", "14.58393475": 14.55381246, "121.036764": 121.0643, "City of Mandaluyong": "City of Taguig" }, "geometry": { "type": "Point", "coordinates": [ 121.0643, 14.55381246 ] } },
{ "type": "Feature", "properties": { "107975": 136694, "Mandaluyong Addition Hills Elementary School": "Fort Bonifacio Elementary School", "14.58393475": 14.56299218, "121.036764": 121.0581939, "City of Mandaluyong": "City of Taguig" }, "geometry": { "type": "Point", "coordinates": [ 121.0581939, 14.56299218 ] } },
{ "type": "Feature", "properties": { "107975": 136695, "Mandaluyong Addition Hills Elementary School": "Pembo Elementary School", "14.58393475": 14.54696228, "121.036764": 121.0596932, "City of Mandaluyong": "City of Taguig" }, "geometry": { "type": "Point", "coordinates": [ 121.0596932, 14.54696228 ] } },
{ "type": "Feature", "properties": { "107975": 136696, "Mandaluyong Addition Hills Elementary School": "Rizal Elementary School", "14.58393475": 14.53671054, "121.036764": 121.0602412, "City of Mandaluyong": "City of Taguig" }, "geometry": { "type": "Point", "coordinates": [ 121.0602412, 14.53671054 ] } },
{ "type": "Feature", "properties": { "107975": 136698, "Mandaluyong Addition Hills Elementary School": "West Rembo Elementary School", "14.58393475": 14.55936671, "121.036764": 121.063703, "City of Mandaluyong": "City of Taguig" }, "geometry": { "type": "Point", "coordinates": [ 121.063703, 14.55936671 ] } },
{ "type": "Feature", "properties": { "107975": 136699, "Mandaluyong Addition Hills Elementary School": "Bangkal Elementary School Ⅰ", "14.58393475": 14.54678486, "121.036764": 121.0117048, "City of Mandaluyong": "City of Makati" }, "geometry": { "type": "Point", "coordinates": [ 121.0117048, 14.54678486 ] } },
{ "type": "Feature", "properties": { "107975": 136700, "Mandaluyong Addition Hills Elementary School": "Bangkal ES I", "14.58393475": 14.543794, "121.036764": 121.010987, "City of Mandaluyong": null }, "geometry": { "type": "Point", "coordinates": [ 121.010987, 14.543794 ] } },
{ "type": "Feature", "properties": { "107975": 136703, "Mandaluyong Addition Hills Elementary School": "Heneral Pio del Pilar Elementary School", "14.58393475": 14.55053006, "121.036764": 121.0090579, "City of Mandaluyong": "City of Makati" }, "geometry": { "type": "Point", "coordinates": [ 121.0090579, 14.55053006 ] } },
{ "type": "Feature", "properties": { "107975": 136704, "Mandaluyong Addition Hills Elementary School": "Heneral Pio del Pilar Elementary School I", "14.58393475": 14.55587352, "121.036764": 121.0117072, "City of Mandaluyong": "City of Makati" }, "geometry": { "type": "Point", "coordinates": [ 121.0117072, 14.55587352 ] } },
{ "type": "Feature", "properties": { "107975": 136705, "Mandaluyong Addition Hills Elementary School": "F. Benitez Elementary School - Main", "14.58393475": 14.56811666, "121.036764": 121.0171575, "City of Mandaluyong": "City of Makati" }, "geometry": { "type": "Point", "coordinates": [ 121.0171575, 14.56811666 ] } },
{ "type": "Feature", "properties": { "107975": 136706, "Mandaluyong Addition Hills Elementary School": "Jose Magsaysay Elementary School", "14.58393475": 14.57286938, "121.036764": 121.0217709, "City of Mandaluyong": "City of Makati" }, "geometry": { "type": "Point", "coordinates": [ 121.0217709, 14.57286938 ] } },
{ "type": "Feature", "properties": { "107975": 136707, "Mandaluyong Addition Hills Elementary School": "Maximo Estrella Elementary School", "14.58393475": 14.57756546, "121.036764": 121.0177037, "City of Mandaluyong": "City of Makati" }, "geometry": { "type": "Point", "coordinates": [ 121.0177037, 14.57756546 ] } },
{ "type": "Feature", "properties": { "107975": 136708, "Mandaluyong Addition Hills Elementary School": "Nicanor C. Garcia, Sr. Elementary School", "14.58393475": 14.56966962, "121.036764": 121.0209314, "City of Mandaluyong": "City of Makati" }, "geometry": { "type": "Point", "coordinates": [ 121.0209314, 14.56966962 ] } },
{ "type": "Feature", "properties": { "107975": 136710, "Mandaluyong Addition Hills Elementary School": "Nemesio I. Yabut Elementary School", "14.58393475": 14.55950212, "121.036764": 121.0428279, "City of Mandaluyong": "City of Makati" }, "geometry": { "type": "Point", "coordinates": [ 121.0428279, 14.55950212 ] } },
{ "type": "Feature", "properties": { "107975": 136711, "Mandaluyong Addition Hills Elementary School": "Pitogo ES", "14.58393475": 14.55658343, "121.036764": 121.0466339, "City of Mandaluyong": "City of Taguig" }, "geometry": { "type": "Point", "coordinates": [ 121.0466339, 14.55658343 ] } },
{ "type": "Feature", "properties": { "107975": 136712, "Mandaluyong Addition Hills Elementary School": "South Cembo Elementary School", "14.58393475": 14.55931198, "121.036764": 121.0498109, "City of Mandaluyong": "City of Taguig" }, "geometry": { "type": "Point", "coordinates": [ 121.0498109, 14.55931198 ] } },
{ "type": "Feature", "properties": { "107975": 136713, "Mandaluyong Addition Hills Elementary School": "F. Benitez Elementary School III", "14.58393475": 14.57300545, "121.036764": 121.0103608, "City of Mandaluyong": "City of Makati" }, "geometry": { "type": "Point", "coordinates": [ 121.0103608, 14.57300545 ] } },
{ "type": "Feature", "properties": { "107975": 136714, "Mandaluyong Addition Hills Elementary School": "La Paz ES", "14.58393475": 14.5694331, "121.036764": 121.006962, "City of Mandaluyong": "City of Makati" }, "geometry": { "type": "Point", "coordinates": [ 121.006962, 14.5694331 ] } },
{ "type": "Feature", "properties": { "107975": 136715, "Mandaluyong Addition Hills Elementary School": "Palanan Elementary School", "14.58393475": 14.5606923, "121.036764": 121.001574, "City of Mandaluyong": "City of Makati" }, "geometry": { "type": "Point", "coordinates": [ 121.001574, 14.5606923 ] } },
{ "type": "Feature", "properties": { "107975": 136716, "Mandaluyong Addition Hills Elementary School": "San Antonio Village Elementary School", "14.58393475": 14.5620939, "121.036764": 121.0082747, "City of Mandaluyong": "City of Makati" }, "geometry": { "type": "Point", "coordinates": [ 121.0082747, 14.5620939 ] } },
{ "type": "Feature", "properties": { "107975": 136717, "Mandaluyong Addition Hills Elementary School": "Ilugin Elementary School", "14.58393475": 14.55257819, "121.036764": 121.0996597, "City of Mandaluyong": "City of Pasig" }, "geometry": { "type": "Point", "coordinates": [ 121.0996597, 14.55257819 ] } },
{ "type": "Feature", "properties": { "107975": 136718, "Mandaluyong Addition Hills Elementary School": "Nagpayong Elementary School", "14.58393475": 14.54412409, "121.036764": 121.1032721, "City of Mandaluyong": "City of Pasig" }, "geometry": { "type": "Point", "coordinates": [ 121.1032721, 14.54412409 ] } },
{ "type": "Feature", "properties": { "107975": 136719, "Mandaluyong Addition Hills Elementary School": "Liberato Damian Elementary School", "14.58393475": 14.56304496, "121.036764": 121.0790813, "City of Mandaluyong": "City of Pasig" }, "geometry": { "type": "Point", "coordinates": [ 121.0790813, 14.56304496 ] } },
{ "type": "Feature", "properties": { "107975": 136720, "Mandaluyong Addition Hills Elementary School": "Palatiw Elementary School", "14.58393475": 14.56463468, "121.036764": 121.0829346, "City of Mandaluyong": "City of Pasig" }, "geometry": { "type": "Point", "coordinates": [ 121.0829346, 14.56463468 ] } },
{ "type": "Feature", "properties": { "107975": 136721, "Mandaluyong Addition Hills Elementary School": "Pasig Elementary School", "14.58393475": 14.56150967, "121.036764": 121.0787336, "City of Mandaluyong": "City of Pasig" }, "geometry": { "type": "Point", "coordinates": [ 121.0787336, 14.56150967 ] } },
{ "type": "Feature", "properties": { "107975": 136722, "Mandaluyong Addition Hills Elementary School": "Sagad Elementary School", "14.58393475": 14.56613954, "121.036764": 121.0796298, "City of Mandaluyong": "City of Pasig" }, "geometry": { "type": "Point", "coordinates": [ 121.0796298, 14.56613954 ] } },
{ "type": "Feature", "properties": { "107975": 136723, "Mandaluyong Addition Hills Elementary School": "Pinagbuhatan Elementary School", "14.58393475": 14.55751717, "121.036764": 121.0915359, "City of Mandaluyong": "City of Pasig" }, "geometry": { "type": "Point", "coordinates": [ 121.0915359, 14.55751717 ] } },
{ "type": "Feature", "properties": { "107975": 136724, "Mandaluyong Addition Hills Elementary School": "Bambang Elementary School", "14.58393475": 14.55553667, "121.036764": 121.0778259, "City of Mandaluyong": "City of Pasig" }, "geometry": { "type": "Point", "coordinates": [ 121.0778259, 14.55553667 ] } },
{ "type": "Feature", "properties": { "107975": 136725, "Mandaluyong Addition Hills Elementary School": "Buting Elementary School", "14.58393475": 14.55556354, "121.036764": 121.0659911, "City of Mandaluyong": "City of Pasig" }, "geometry": { "type": "Point", "coordinates": [ 121.0659911, 14.55556354 ] } },
{ "type": "Feature", "properties": { "107975": 136726, "Mandaluyong Addition Hills Elementary School": "Doctor Sixto Antonio Elementary School", "14.58393475": 14.55565966, "121.036764": 121.0750263, "City of Mandaluyong": "City of Pasig" }, "geometry": { "type": "Point", "coordinates": [ 121.0750263, 14.55565966 ] } },
{ "type": "Feature", "properties": { "107975": 136727, "Mandaluyong Addition Hills Elementary School": "Kalawaan Elementary School", "14.58393475": 14.55140626, "121.036764": 121.083631, "City of Mandaluyong": "City of Pasig" }, "geometry": { "type": "Point", "coordinates": [ 121.083631, 14.55140626 ] } },
{ "type": "Feature", "properties": { "107975": 136728, "Mandaluyong Addition Hills Elementary School": "San Joaquin Elementary School", "14.58393475": 14.55164945, "121.036764": 121.0758753, "City of Mandaluyong": "City of Pasig" }, "geometry": { "type": "Point", "coordinates": [ 121.0758753, 14.55164945 ] } },
{ "type": "Feature", "properties": { "107975": 136729, "Mandaluyong Addition Hills Elementary School": "Bagong Ilog Elementary School", "14.58393475": 14.563919, "121.036764": 121.0712195, "City of Mandaluyong": "City of Pasig" }, "geometry": { "type": "Point", "coordinates": [ 121.0712195, 14.563919 ] } },
{ "type": "Feature", "properties": { "107975": 136730, "Mandaluyong Addition Hills Elementary School": "Francisco Legaspi Memorial School", "14.58393475": 14.57945642, "121.036764": 121.0790248, "City of Mandaluyong": "City of Pasig" }, "geometry": { "type": "Point", "coordinates": [ 121.0790248, 14.57945642 ] } },
{ "type": "Feature", "properties": { "107975": 136731, "Mandaluyong Addition Hills Elementary School": "Oranbo Elementary School", "14.58393475": 14.57574618, "121.036764": 121.0658147, "City of Mandaluyong": "City of Pasig" }, "geometry": { "type": "Point", "coordinates": [ 121.0658147, 14.57574618 ] } },
{ "type": "Feature", "properties": { "107975": 136732, "Mandaluyong Addition Hills Elementary School": "Pineda Elementary School", "14.58393475": 14.5651355, "121.036764": 121.0617208, "City of Mandaluyong": "City of Pasig" }, "geometry": { "type": "Point", "coordinates": [ 121.0617208, 14.5651355 ] } },
{ "type": "Feature", "properties": { "107975": 136733, "Mandaluyong Addition Hills Elementary School": "Dela Paz Elementary School", "14.58393475": 14.61512681, "121.036764": 121.0952021, "City of Mandaluyong": "City of Pasig" }, "geometry": { "type": "Point", "coordinates": [ 121.0952021, 14.61512681 ] } },
{ "type": "Feature", "properties": { "107975": 136734, "Mandaluyong Addition Hills Elementary School": "Santo Niño Elementary School", "14.58393475": 14.6094553, "121.036764": 121.1022929, "City of Mandaluyong": "City of Pasig" }, "geometry": { "type": "Point", "coordinates": [ 121.1022929, 14.6094553 ] } },
{ "type": "Feature", "properties": { "107975": 136735, "Mandaluyong Addition Hills Elementary School": "Manggahan Elementary School", "14.58393475": 14.60040154, "121.036764": 121.0950736, "City of Mandaluyong": "City of Pasig" }, "geometry": { "type": "Point", "coordinates": [ 121.0950736, 14.60040154 ] } },
{ "type": "Feature", "properties": { "107975": 136736, "Mandaluyong Addition Hills Elementary School": "Napico Elementary School", "14.58393475": 14.59354115, "121.036764": 121.0944532, "City of Mandaluyong": "City of Pasig" }, "geometry": { "type": "Point", "coordinates": [ 121.0944532, 14.59354115 ] } },
{ "type": "Feature", "properties": { "107975": 136737, "Mandaluyong Addition Hills Elementary School": "Rosario Elementary School", "14.58393475": 14.58443448, "121.036764": 121.0850777, "City of Mandaluyong": "City of Pasig" }, "geometry": { "type": "Point", "coordinates": [ 121.0850777, 14.58443448 ] } },
{ "type": "Feature", "properties": { "107975": 136738, "Mandaluyong Addition Hills Elementary School": "San Lorenzo Ruiz Elementary School", "14.58393475": 14.59995184, "121.036764": 121.101755, "City of Mandaluyong": "City of Pasig" }, "geometry": { "type": "Point", "coordinates": [ 121.101755, 14.59995184 ] } },
{ "type": "Feature", "properties": { "107975": 136739, "Mandaluyong Addition Hills Elementary School": "Santolan Elementary School", "14.58393475": 14.61516269, "121.036764": 121.0823292, "City of Mandaluyong": "City of Pasig" }, "geometry": { "type": "Point", "coordinates": [ 121.0823292, 14.61516269 ] } },
{ "type": "Feature", "properties": { "107975": 136740, "Mandaluyong Addition Hills Elementary School": "Caniogan Elementary School", "14.58393475": 14.57182396, "121.036764": 121.0791418, "City of Mandaluyong": "City of Pasig" }, "geometry": { "type": "Point", "coordinates": [ 121.0791418, 14.57182396 ] } },
{ "type": "Feature", "properties": { "107975": 136741, "Mandaluyong Addition Hills Elementary School": "De Castro Elementary School", "14.58393475": 14.58706772, "121.036764": 121.0984955, "City of Mandaluyong": "City of Pasig" }, "geometry": { "type": "Point", "coordinates": [ 121.0984955, 14.58706772 ] } },
{ "type": "Feature", "properties": { "107975": 136742, "Mandaluyong Addition Hills Elementary School": "Maybunga Elementary School", "14.58393475": 14.5787583, "121.036764": 121.0835314, "City of Mandaluyong": "City of Pasig" }, "geometry": { "type": "Point", "coordinates": [ 121.0835314, 14.5787583 ] } },
{ "type": "Feature", "properties": { "107975": 136743, "Mandaluyong Addition Hills Elementary School": "San Miguel Elementary School", "14.58393475": 14.56567752, "121.036764": 121.08588, "City of Mandaluyong": "City of Pasig" }, "geometry": { "type": "Point", "coordinates": [ 121.08588, 14.56567752 ] } },
{ "type": "Feature", "properties": { "107975": 136744, "Mandaluyong Addition Hills Elementary School": "Pedro Cruz Elementary School", "14.58393475": 14.60553936, "121.036764": 121.0263368, "City of Mandaluyong": "City of San Juan" }, "geometry": { "type": "Point", "coordinates": [ 121.0263368, 14.60553936 ] } },
{ "type": "Feature", "properties": { "107975": 136747, "Mandaluyong Addition Hills Elementary School": "San Perfecto Elementary School", "14.58393475": 14.60319978, "121.036764": 121.0231035, "City of Mandaluyong": "City of San Juan" }, "geometry": { "type": "Point", "coordinates": [ 121.0231035, 14.60319978 ] } },
{ "type": "Feature", "properties": { "107975": 136750, "Mandaluyong Addition Hills Elementary School": "Nicanor C. Ibuna Elementary School", "14.58393475": 14.6018533, "121.036764": 121.0301682, "City of Mandaluyong": "City of San Juan" }, "geometry": { "type": "Point", "coordinates": [ 121.0301682, 14.6018533 ] } },
{ "type": "Feature", "properties": { "107975": 136751, "Mandaluyong Addition Hills Elementary School": "Pinaglabanan Elementary School", "14.58393475": 14.60365411, "121.036764": 121.029681, "City of Mandaluyong": "City of San Juan" }, "geometry": { "type": "Point", "coordinates": [ 121.029681, 14.60365411 ] } },
{ "type": "Feature", "properties": { "107975": 136752, "Mandaluyong Addition Hills Elementary School": "Santa Lucia Elementary School", "14.58393475": 14.59772666, "121.036764": 121.0352826, "City of Mandaluyong": "City of San Juan" }, "geometry": { "type": "Point", "coordinates": [ 121.0352826, 14.59772666 ] } },
{ "type": "Feature", "properties": { "107975": 136753, "Mandaluyong Addition Hills Elementary School": "Fourth Estate Elementary School", "14.58393475": 14.46098665, "121.036764": 121.0309425, "City of Mandaluyong": "City of Parañaque" }, "geometry": { "type": "Point", "coordinates": [ 121.0309425, 14.46098665 ] } },
{ "type": "Feature", "properties": { "107975": 136754, "Mandaluyong Addition Hills Elementary School": "La Huerta Elementary School", "14.58393475": 14.49796488, "121.036764": 120.9930684, "City of Mandaluyong": "City of Parañaque" }, "geometry": { "type": "Point", "coordinates": [ 120.9930684, 14.49796488 ] } },
{ "type": "Feature", "properties": { "107975": 136755, "Mandaluyong Addition Hills Elementary School": "Masville Elementary School", "14.58393475": 14.45185168, "121.036764": 121.0405925, "City of Mandaluyong": "City of Parañaque" }, "geometry": { "type": "Point", "coordinates": [ 121.0405925, 14.45185168 ] } },
{ "type": "Feature", "properties": { "107975": 136756, "Mandaluyong Addition Hills Elementary School": "Paranaque Elementary School Central", "14.58393475": 14.49089749, "121.036764": 120.9898771, "City of Mandaluyong": "City of Parañaque" }, "geometry": { "type": "Point", "coordinates": [ 120.9898771, 14.49089749 ] } },
{ "type": "Feature", "properties": { "107975": 136757, "Mandaluyong Addition Hills Elementary School": "Parañaque Elementary School Unit II", "14.58393475": 14.4909168, "121.036764": 120.9904142, "City of Mandaluyong": "City of Parañaque" }, "geometry": { "type": "Point", "coordinates": [ 120.9904142, 14.4909168 ] } },
{ "type": "Feature", "properties": { "107975": 136758, "Mandaluyong Addition Hills Elementary School": "Sampaloc Site II Elementary School", "14.58393475": 14.45747226, "121.036764": 121.0270887, "City of Mandaluyong": "City of Parañaque" }, "geometry": { "type": "Point", "coordinates": [ 121.0270887, 14.45747226 ] } },
{ "type": "Feature", "properties": { "107975": 136759, "Mandaluyong Addition Hills Elementary School": "San Antonio Elementary School", "14.58393475": 14.4702429, "121.036764": 121.0228565, "City of Mandaluyong": "City of Parañaque" }, "geometry": { "type": "Point", "coordinates": [ 121.0228565, 14.4702429 ] } },
{ "type": "Feature", "properties": { "107975": 136760, "Mandaluyong Addition Hills Elementary School": "San Dionisio Elementary School", "14.58393475": 14.49070303, "121.036764": 120.9905665, "City of Mandaluyong": "City of Parañaque" }, "geometry": { "type": "Point", "coordinates": [ 120.9905665, 14.49070303 ] } },
{ "type": "Feature", "properties": { "107975": 136761, "Mandaluyong Addition Hills Elementary School": "Colonel E. de Leon Elementary School", "14.58393475": 14.4929263, "121.036764": 121.0037082, "City of Mandaluyong": "City of Parañaque" }, "geometry": { "type": "Point", "coordinates": [ 121.0037082, 14.4929263 ] } },
{ "type": "Feature", "properties": { "107975": 136762, "Mandaluyong Addition Hills Elementary School": "Paaralang Elementary ng Don Galo", "14.58393475": 14.50687617, "121.036764": 120.9934244, "City of Mandaluyong": "City of Parañaque" }, "geometry": { "type": "Point", "coordinates": [ 120.9934244, 14.50687617 ] } },
{ "type": "Feature", "properties": { "107975": 136763, "Mandaluyong Addition Hills Elementary School": "F. Serrano Sr. Elementary School", "14.58393475": 14.4887, "121.036764": 121.026, "City of Mandaluyong": "City of Parañaque" }, "geometry": { "type": "Point", "coordinates": [ 121.026, 14.4887 ] } },
{ "type": "Feature", "properties": { "107975": 136764, "Mandaluyong Addition Hills Elementary School": "San Agustin Elementary School", "14.58393475": 14.48990307, "121.036764": 121.0142165, "City of Mandaluyong": "City of Parañaque" }, "geometry": { "type": "Point", "coordinates": [ 121.0142165, 14.48990307 ] } },
{ "type": "Feature", "properties": { "107975": 136765, "Mandaluyong Addition Hills Elementary School": "Santo Niño Elementary School", "14.58393475": 14.50327887, "121.036764": 120.9960252, "City of Mandaluyong": "City of Parañaque" }, "geometry": { "type": "Point", "coordinates": [ 120.9960252, 14.50327887 ] } },
{ "type": "Feature", "properties": { "107975": 136766, "Mandaluyong Addition Hills Elementary School": "Tambo Elementary School", "14.58393475": 14.51668772, "121.036764": 120.9970304, "City of Mandaluyong": "City of Parañaque" }, "geometry": { "type": "Point", "coordinates": [ 120.9970304, 14.51668772 ] } },
{ "type": "Feature", "properties": { "107975": 136767, "Mandaluyong Addition Hills Elementary School": "Baclaran Elementary School Central", "14.58393475": 14.52973, "121.036764": 120.99884, "City of Mandaluyong": "City of Parañaque" }, "geometry": { "type": "Point", "coordinates": [ 120.99884, 14.52973 ] } },
{ "type": "Feature", "properties": { "107975": 136768, "Mandaluyong Addition Hills Elementary School": "Baclaran Elementary School Unit I", "14.58393475": 14.5295774, "121.036764": 120.9983876, "City of Mandaluyong": "City of Parañaque" }, "geometry": { "type": "Point", "coordinates": [ 120.9983876, 14.5295774 ] } },
{ "type": "Feature", "properties": { "107975": 136769, "Mandaluyong Addition Hills Elementary School": "Baclaran Elementary School Unit II", "14.58393475": 14.5290536, "121.036764": 120.9988025, "City of Mandaluyong": "City of Parañaque" }, "geometry": { "type": "Point", "coordinates": [ 120.9988025, 14.5290536 ] } },
{ "type": "Feature", "properties": { "107975": 136770, "Mandaluyong Addition Hills Elementary School": "Camp Claudio Elementary School", "14.58393475": 14.51528014, "121.036764": 120.9940675, "City of Mandaluyong": "City of Parañaque" }, "geometry": { "type": "Point", "coordinates": [ 120.9940675, 14.51528014 ] } },
{ "type": "Feature", "properties": { "107975": 136771, "Mandaluyong Addition Hills Elementary School": "Tambo Elementary School Unit I", "14.58393475": 14.51481696, "121.036764": 120.9946041, "City of Mandaluyong": "City of Parañaque" }, "geometry": { "type": "Point", "coordinates": [ 120.9946041, 14.51481696 ] } },
{ "type": "Feature", "properties": { "107975": 136772, "Mandaluyong Addition Hills Elementary School": "Rogelio G. Gatchalian Elementary School", "14.58393475": 14.50899866, "121.036764": 121.0073898, "City of Mandaluyong": "City of Parañaque" }, "geometry": { "type": "Point", "coordinates": [ 121.0073898, 14.50899866 ] } },
{ "type": "Feature", "properties": { "107975": 136773, "Mandaluyong Addition Hills Elementary School": "Captain Albert Aguilar Elementary School", "14.58393475": 14.460242, "121.036764": 120.9989973, "City of Mandaluyong": "City of Las Piñas" }, "geometry": { "type": "Point", "coordinates": [ 120.9989973, 14.460242 ] } },
{ "type": "Feature", "properties": { "107975": 136774, "Mandaluyong Addition Hills Elementary School": "Daniel Fajardo Elementary School", "14.58393475": 14.48136542, "121.036764": 120.9803962, "City of Mandaluyong": "City of Las Piñas" }, "geometry": { "type": "Point", "coordinates": [ 120.9803962, 14.48136542 ] } },
{ "type": "Feature", "properties": { "107975": 136775, "Mandaluyong Addition Hills Elementary School": "Gatchalian Elementary School", "14.58393475": 14.47046045, "121.036764": 120.9914358, "City of Mandaluyong": "City of Las Piñas" }, "geometry": { "type": "Point", "coordinates": [ 120.9914358, 14.47046045 ] } },
{ "type": "Feature", "properties": { "107975": 136776, "Mandaluyong Addition Hills Elementary School": "Ilaya Elementary School", "14.58393475": 14.47821349, "121.036764": 120.9803439, "City of Mandaluyong": "City of Las Piñas" }, "geometry": { "type": "Point", "coordinates": [ 120.9803439, 14.47821349 ] } },
{ "type": "Feature", "properties": { "107975": 136777, "Mandaluyong Addition Hills Elementary School": "Las Piñas Elementary School Central", "14.58393475": 14.47520554, "121.036764": 120.9777633, "City of Mandaluyong": "City of Las Piñas" }, "geometry": { "type": "Point", "coordinates": [ 120.9777633, 14.47520554 ] } },
{ "type": "Feature", "properties": { "107975": 136778, "Mandaluyong Addition Hills Elementary School": "Manuyo Elementary School", "14.58393475": 14.48268253, "121.036764": 120.9850997, "City of Mandaluyong": "City of Las Piñas" }, "geometry": { "type": "Point", "coordinates": [ 120.9850997, 14.48268253 ] } },
{ "type": "Feature", "properties": { "107975": 136779, "Mandaluyong Addition Hills Elementary School": "Pulanlupa Elementary School", "14.58393475": 14.47161638, "121.036764": 120.9769161, "City of Mandaluyong": "City of Las Piñas" }, "geometry": { "type": "Point", "coordinates": [ 120.9769161, 14.47161638 ] } },
{ "type": "Feature", "properties": { "107975": 136780, "Mandaluyong Addition Hills Elementary School": "Pulanlupa Elementary School – Camella Annex", "14.58393475": 14.45867339, "121.036764": 120.9866201, "City of Mandaluyong": "City of Las Piñas" }, "geometry": { "type": "Point", "coordinates": [ 120.9866201, 14.45867339 ] } },
{ "type": "Feature", "properties": { "107975": 136781, "Mandaluyong Addition Hills Elementary School": "Vergonville Elementary School", "14.58393475": 14.4603306, "121.036764": 120.9799711, "City of Mandaluyong": "City of Las Piñas" }, "geometry": { "type": "Point", "coordinates": [ 120.9799711, 14.4603306 ] } },
{ "type": "Feature", "properties": { "107975": 136782, "Mandaluyong Addition Hills Elementary School": "Almanza Elementary School", "14.58393475": 14.43202283, "121.036764": 121.013334, "City of Mandaluyong": "City of Las Piñas" }, "geometry": { "type": "Point", "coordinates": [ 121.013334, 14.43202283 ] } },
{ "type": "Feature", "properties": { "107975": 136783, "Mandaluyong Addition Hills Elementary School": "T. S. Cruz Elementary School", "14.58393475": 14.41849688, "121.036764": 121.0179507, "City of Mandaluyong": "City of Las Piñas" }, "geometry": { "type": "Point", "coordinates": [ 121.0179507, 14.41849688 ] } },
{ "type": "Feature", "properties": { "107975": 136784, "Mandaluyong Addition Hills Elementary School": "Doña Manuela Elementary School", "14.58393475": 14.4537457, "121.036764": 120.9793693, "City of Mandaluyong": "City of Las Piñas" }, "geometry": { "type": "Point", "coordinates": [ 120.9793693, 14.4537457 ] } },
{ "type": "Feature", "properties": { "107975": 136785, "Mandaluyong Addition Hills Elementary School": "Moonwalk Elementary School", "14.58393475": 14.42038426, "121.036764": 120.9922117, "City of Mandaluyong": "City of Las Piñas" }, "geometry": { "type": "Point", "coordinates": [ 120.9922117, 14.42038426 ] } },
{ "type": "Feature", "properties": { "107975": 136786, "Mandaluyong Addition Hills Elementary School": "Moonwalk Elementary School – Mikesell Annex", "14.58393475": 14.42849369, "121.036764": 121.0035932, "City of Mandaluyong": "City of Las Piñas" }, "geometry": { "type": "Point", "coordinates": [ 121.0035932, 14.42849369 ] } },
{ "type": "Feature", "properties": { "107975": 136787, "Mandaluyong Addition Hills Elementary School": "Pamplona Elementary School Central", "14.58393475": 14.45807489, "121.036764": 120.9701135, "City of Mandaluyong": "City of Las Piñas" }, "geometry": { "type": "Point", "coordinates": [ 120.9701135, 14.45807489 ] } },
{ "type": "Feature", "properties": { "107975": 136788, "Mandaluyong Addition Hills Elementary School": "Pamplona Elementary School I", "14.58393475": 14.46108285, "121.036764": 120.9712755, "City of Mandaluyong": "City of Las Piñas" }, "geometry": { "type": "Point", "coordinates": [ 120.9712755, 14.46108285 ] } },
{ "type": "Feature", "properties": { "107975": 136789, "Mandaluyong Addition Hills Elementary School": "Pilar Village Elementary School", "14.58393475": 14.41229894, "121.036764": 121.0063463, "City of Mandaluyong": "City of Las Piñas" }, "geometry": { "type": "Point", "coordinates": [ 121.0063463, 14.41229894 ] } },
{ "type": "Feature", "properties": { "107975": 136790, "Mandaluyong Addition Hills Elementary School": "Talon Elementary School", "14.58393475": 14.43847578, "121.036764": 121.0023714, "City of Mandaluyong": "City of Las Piñas" }, "geometry": { "type": "Point", "coordinates": [ 121.0023714, 14.43847578 ] } },
{ "type": "Feature", "properties": { "107975": 136791, "Mandaluyong Addition Hills Elementary School": "Zapote Elementary School", "14.58393475": 14.46428875, "121.036764": 120.9708332, "City of Mandaluyong": "City of Las Piñas" }, "geometry": { "type": "Point", "coordinates": [ 120.9708332, 14.46428875 ] } },
{ "type": "Feature", "properties": { "107975": 136792, "Mandaluyong Addition Hills Elementary School": "Andres Mariano Elementary School", "14.58393475": 14.71405713, "121.036764": 121.0002681, "City of Mandaluyong": "City of Valenzuela" }, "geometry": { "type": "Point", "coordinates": [ 121.0002681, 14.71405713 ] } },
{ "type": "Feature", "properties": { "107975": 136793, "Mandaluyong Addition Hills Elementary School": "Canumay West Elementary School", "14.58393475": 14.71255455, "121.036764": 120.9894332, "City of Mandaluyong": "City of Valenzuela" }, "geometry": { "type": "Point", "coordinates": [ 120.9894332, 14.71255455 ] } },
{ "type": "Feature", "properties": { "107975": 136794, "Mandaluyong Addition Hills Elementary School": "Dalandanan Elementary School", "14.58393475": 14.70456846, "121.036764": 120.9641297, "City of Mandaluyong": "City of Valenzuela" }, "geometry": { "type": "Point", "coordinates": [ 120.9641297, 14.70456846 ] } },
{ "type": "Feature", "properties": { "107975": 136795, "Mandaluyong Addition Hills Elementary School": "Lingunan Elementary School", "14.58393475": 14.72025041, "121.036764": 120.9755823, "City of Mandaluyong": "City of Valenzuela" }, "geometry": { "type": "Point", "coordinates": [ 120.9755823, 14.72025041 ] } },
{ "type": "Feature", "properties": { "107975": 136796, "Mandaluyong Addition Hills Elementary School": "Sitio Sto. Rosario Elementary School", "14.58393475": 14.7034555, "121.036764": 120.970872, "City of Mandaluyong": "City of Valenzuela" }, "geometry": { "type": "Point", "coordinates": [ 120.970872, 14.7034555 ] } },
{ "type": "Feature", "properties": { "107975": 136797, "Mandaluyong Addition Hills Elementary School": "Malinta Elementary School", "14.58393475": 14.69140254, "121.036764": 120.9659977, "City of Mandaluyong": "City of Valenzuela" }, "geometry": { "type": "Point", "coordinates": [ 120.9659977, 14.69140254 ] } },
{ "type": "Feature", "properties": { "107975": 136798, "Mandaluyong Addition Hills Elementary School": "Maysan Elementary School", "14.58393475": 14.69937069, "121.036764": 120.9797231, "City of Mandaluyong": "City of Valenzuela" }, "geometry": { "type": "Point", "coordinates": [ 120.9797231, 14.69937069 ] } },
{ "type": "Feature", "properties": { "107975": 136799, "Mandaluyong Addition Hills Elementary School": "Parada Elementary School", "14.58393475": 14.69836252, "121.036764": 120.9876239, "City of Mandaluyong": "City of Valenzuela" }, "geometry": { "type": "Point", "coordinates": [ 120.9876239, 14.69836252 ] } },
{ "type": "Feature", "properties": { "107975": 136800, "Mandaluyong Addition Hills Elementary School": "A. Deato Elementary School", "14.58393475": 14.71147202, "121.036764": 120.9422609, "City of Mandaluyong": "City of Valenzuela" }, "geometry": { "type": "Point", "coordinates": [ 120.9422609, 14.71147202 ] } },
{ "type": "Feature", "properties": { "107975": 136801, "Mandaluyong Addition Hills Elementary School": "Paaralang Elementarya ng Andres Fernando", "14.58393475": 14.71722134, "121.036764": 120.9554947, "City of Mandaluyong": "City of Valenzuela" }, "geometry": { "type": "Point", "coordinates": [ 120.9554947, 14.71722134 ] } },
{ "type": "Feature", "properties": { "107975": 136802, "Mandaluyong Addition Hills Elementary School": "Coloong Elementary School", "14.58393475": 14.72504012, "121.036764": 120.9447205, "City of Mandaluyong": "City of Valenzuela" }, "geometry": { "type": "Point", "coordinates": [ 120.9447205, 14.72504012 ] } },
{ "type": "Feature", "properties": { "107975": 136803, "Mandaluyong Addition Hills Elementary School": "Isla Elementary School", "14.58393475": 14.70620272, "121.036764": 120.9501805, "City of Mandaluyong": "City of Valenzuela" }, "geometry": { "type": "Point", "coordinates": [ 120.9501805, 14.70620272 ] } },
{ "type": "Feature", "properties": { "107975": 136804, "Mandaluyong Addition Hills Elementary School": "P.R. San Diego Elementary School", "14.58393475": 14.698882, "121.036764": 120.9492986, "City of Mandaluyong": "City of Valenzuela" }, "geometry": { "type": "Point", "coordinates": [ 120.9492986, 14.698882 ] } },
{ "type": "Feature", "properties": { "107975": 136805, "Mandaluyong Addition Hills Elementary School": "Paltok Elementary School", "14.58393475": 14.70915202, "121.036764": 120.9656111, "City of Mandaluyong": "City of Valenzuela" }, "geometry": { "type": "Point", "coordinates": [ 120.9656111, 14.70915202 ] } },
{ "type": "Feature", "properties": { "107975": 136806, "Mandaluyong Addition Hills Elementary School": "Pasolo Elementary School", "14.58393475": 14.70580261, "121.036764": 120.9543896, "City of Mandaluyong": "City of Valenzuela" }, "geometry": { "type": "Point", "coordinates": [ 120.9543896, 14.70580261 ] } },
{ "type": "Feature", "properties": { "107975": 136807, "Mandaluyong Addition Hills Elementary School": "Paaralang Elementaryang Pio Valenzuela", "14.58393475": 14.70639991, "121.036764": 120.9456094, "City of Mandaluyong": "City of Valenzuela" }, "geometry": { "type": "Point", "coordinates": [ 120.9456094, 14.70639991 ] } },
{ "type": "Feature", "properties": { "107975": 136808, "Mandaluyong Addition Hills Elementary School": "Rincon Elementary School", "14.58393475": 14.69981618, "121.036764": 120.9599109, "City of Mandaluyong": "City of Valenzuela" }, "geometry": { "type": "Point", "coordinates": [ 120.9599109, 14.69981618 ] } },
{ "type": "Feature", "properties": { "107975": 136809, "Mandaluyong Addition Hills Elementary School": "Tagalag Elementary School", "14.58393475": 14.72476534, "121.036764": 120.9383769, "City of Mandaluyong": "City of Valenzuela" }, "geometry": { "type": "Point", "coordinates": [ 120.9383769, 14.72476534 ] } },
{ "type": "Feature", "properties": { "107975": 136810, "Mandaluyong Addition Hills Elementary School": "Luis Francisco Elementary School", "14.58393475": 14.72132268, "121.036764": 120.9661349, "City of Mandaluyong": "City of Valenzuela" }, "geometry": { "type": "Point", "coordinates": [ 120.9661349, 14.72132268 ] } },
{ "type": "Feature", "properties": { "107975": 136811, "Mandaluyong Addition Hills Elementary School": "Wawang Pulo Elementary School", "14.58393475": 14.7333747, "121.036764": 120.9280365, "City of Mandaluyong": "City of Valenzuela" }, "geometry": { "type": "Point", "coordinates": [ 120.9280365, 14.7333747 ] } },
{ "type": "Feature", "properties": { "107975": 136812, "Mandaluyong Addition Hills Elementary School": "Roberta de Jesus Elementary School", "14.58393475": 14.7454147, "121.036764": 121.0031003, "City of Mandaluyong": "City of Valenzuela" }, "geometry": { "type": "Point", "coordinates": [ 121.0031003, 14.7454147 ] } },
{ "type": "Feature", "properties": { "107975": 136813, "Mandaluyong Addition Hills Elementary School": "Canumay East Elementary School", "14.58393475": 14.71992247, "121.036764": 120.9935047, "City of Mandaluyong": "City of Valenzuela" }, "geometry": { "type": "Point", "coordinates": [ 120.9935047, 14.71992247 ] } },
{ "type": "Feature", "properties": { "107975": 136814, "Mandaluyong Addition Hills Elementary School": "General T. de Leon Elementary School", "14.58393475": 14.6861625, "121.036764": 120.9927422, "City of Mandaluyong": "City of Valenzuela" }, "geometry": { "type": "Point", "coordinates": [ 120.9927422, 14.6861625 ] } },
{ "type": "Feature", "properties": { "107975": 136815, "Mandaluyong Addition Hills Elementary School": "Lawang Bato Elementary School", "14.58393475": 14.73258267, "121.036764": 120.9913952, "City of Mandaluyong": "City of Valenzuela" }, "geometry": { "type": "Point", "coordinates": [ 120.9913952, 14.73258267 ] } },
{ "type": "Feature", "properties": { "107975": 136816, "Mandaluyong Addition Hills Elementary School": "Apolonia F. Rafael Elementary School", "14.58393475": 14.70193857, "121.036764": 121.0006578, "City of Mandaluyong": "City of Valenzuela" }, "geometry": { "type": "Point", "coordinates": [ 121.0006578, 14.70193857 ] } },
{ "type": "Feature", "properties": { "107975": 136817, "Mandaluyong Addition Hills Elementary School": "Paso de Blas Elementary School", "14.58393475": 14.70570478, "121.036764": 120.991175, "City of Mandaluyong": "City of Valenzuela" }, "geometry": { "type": "Point", "coordinates": [ 120.991175, 14.70570478 ] } },
{ "type": "Feature", "properties": { "107975": 136818, "Mandaluyong Addition Hills Elementary School": "Punturin ES", "14.58393475": 14.7399813, "121.036764": 120.9908277, "City of Mandaluyong": "City of Valenzuela" }, "geometry": { "type": "Point", "coordinates": [ 120.9908277, 14.7399813 ] } },
{ "type": "Feature", "properties": { "107975": 136819, "Mandaluyong Addition Hills Elementary School": "Silvestre Lazaro Elementary School", "14.58393475": 14.69523838, "121.036764": 121.0116573, "City of Mandaluyong": "City of Valenzuela" }, "geometry": { "type": "Point", "coordinates": [ 121.0116573, 14.69523838 ] } },
{ "type": "Feature", "properties": { "107975": 136820, "Mandaluyong Addition Hills Elementary School": "Bitik Elementary School", "14.58393475": 14.68002258, "121.036764": 120.98676, "City of Mandaluyong": "City of Valenzuela" }, "geometry": { "type": "Point", "coordinates": [ 120.98676, 14.68002258 ] } },
{ "type": "Feature", "properties": { "107975": 136821, "Mandaluyong Addition Hills Elementary School": "Karuhatan East Elementary School", "14.58393475": 14.6911848, "121.036764": 120.9761008, "City of Mandaluyong": "City of Valenzuela" }, "geometry": { "type": "Point", "coordinates": [ 120.9761008, 14.6911848 ] } },
{ "type": "Feature", "properties": { "107975": 136822, "Mandaluyong Addition Hills Elementary School": "Caruhatan West Elementary School", "14.58393475": 14.68121876, "121.036764": 120.9743665, "City of Mandaluyong": "City of Valenzuela" }, "geometry": { "type": "Point", "coordinates": [ 120.9743665, 14.68121876 ] } },
{ "type": "Feature", "properties": { "107975": 136823, "Mandaluyong Addition Hills Elementary School": "Constantino Elementary School", "14.58393475": 14.6776693, "121.036764": 120.9883514, "City of Mandaluyong": "City of Valenzuela" }, "geometry": { "type": "Point", "coordinates": [ 120.9883514, 14.6776693 ] } },
{ "type": "Feature", "properties": { "107975": 136824, "Mandaluyong Addition Hills Elementary School": "Doña Ata Elementary School", "14.58393475": 14.67760682, "121.036764": 120.9846718, "City of Mandaluyong": null }, "geometry": { "type": "Point", "coordinates": [ 120.9846718, 14.67760682 ] } },
{ "type": "Feature", "properties": { "107975": 136825, "Mandaluyong Addition Hills Elementary School": "Marulas Central Elementary School", "14.58393475": 14.67548631, "121.036764": 120.9849399, "City of Mandaluyong": "City of Valenzuela" }, "geometry": { "type": "Point", "coordinates": [ 120.9849399, 14.67548631 ] } },
{ "type": "Feature", "properties": { "107975": 136826, "Mandaluyong Addition Hills Elementary School": "San Miguel Heights Elementary School", "14.58393475": 14.6765203, "121.036764": 120.9905666, "City of Mandaluyong": "City of Valenzuela" }, "geometry": { "type": "Point", "coordinates": [ 120.9905666, 14.6765203 ] } },
{ "type": "Feature", "properties": { "107975": 136827, "Mandaluyong Addition Hills Elementary School": "Serrano Elementary School", "14.58393475": 14.68114082, "121.036764": 120.9824491, "City of Mandaluyong": "City of Valenzuela" }, "geometry": { "type": "Point", "coordinates": [ 120.9824491, 14.68114082 ] } },
{ "type": "Feature", "properties": { "107975": 136829, "Mandaluyong Addition Hills Elementary School": "Dampalit ES I", "14.58393475": 14.6893673, "121.036764": 120.9403564, "City of Mandaluyong": "City of Malabon" }, "geometry": { "type": "Point", "coordinates": [ 120.9403564, 14.6893673 ] } },
{ "type": "Feature", "properties": { "107975": 136830, "Mandaluyong Addition Hills Elementary School": "Malabon Elementary School", "14.58393475": 14.67677972, "121.036764": 120.9408277, "City of Mandaluyong": "City of Malabon" }, "geometry": { "type": "Point", "coordinates": [ 120.9408277, 14.67677972 ] } },
{ "type": "Feature", "properties": { "107975": 136831, "Mandaluyong Addition Hills Elementary School": "Panghulo ES", "14.58393475": 14.68408606, "121.036764": 120.9578989, "City of Mandaluyong": "City of Malabon" }, "geometry": { "type": "Point", "coordinates": [ 120.9578989, 14.68408606 ] } },
{ "type": "Feature", "properties": { "107975": 136832, "Mandaluyong Addition Hills Elementary School": "Panghulo Elementary School I", "14.58393475": 14.68513857, "121.036764": 120.9546662, "City of Mandaluyong": "City of Malabon" }, "geometry": { "type": "Point", "coordinates": [ 120.9546662, 14.68513857 ] } },
{ "type": "Feature", "properties": { "107975": 136833, "Mandaluyong Addition Hills Elementary School": "Santulan Elementary School", "14.58393475": 14.68561888, "121.036764": 120.9591479, "City of Mandaluyong": "City of Malabon" }, "geometry": { "type": "Point", "coordinates": [ 120.9591479, 14.68561888 ] } },
{ "type": "Feature", "properties": { "107975": 136834, "Mandaluyong Addition Hills Elementary School": "Imelda Elementary School", "14.58393475": 14.6481877, "121.036764": 120.9612913, "City of Mandaluyong": "City of Malabon" }, "geometry": { "type": "Point", "coordinates": [ 120.9612913, 14.6481877 ] } },
{ "type": "Feature", "properties": { "107975": 136835, "Mandaluyong Addition Hills Elementary School": "Longos ES", "14.58393475": 14.6552865, "121.036764": 120.957007, "City of Mandaluyong": "City of Malabon" }, "geometry": { "type": "Point", "coordinates": [ 120.957007, 14.6552865 ] } },
{ "type": "Feature", "properties": { "107975": 136836, "Mandaluyong Addition Hills Elementary School": "Ninoy Aquino Elementary School", "14.58393475": 14.65454709, "121.036764": 120.9608518, "City of Mandaluyong": "City of Malabon" }, "geometry": { "type": "Point", "coordinates": [ 120.9608518, 14.65454709 ] } },
{ "type": "Feature", "properties": { "107975": 136838, "Mandaluyong Addition Hills Elementary School": "Tañong ES I", "14.58393475": 14.65350087, "121.036764": 120.9528981, "City of Mandaluyong": "City of Malabon" }, "geometry": { "type": "Point", "coordinates": [ 120.9528981, 14.65350087 ] } },
{ "type": "Feature", "properties": { "107975": 136839, "Mandaluyong Addition Hills Elementary School": "Tonsuya Elementary School", "14.58393475": 14.66389137, "121.036764": 120.9575786, "City of Mandaluyong": null }, "geometry": { "type": "Point", "coordinates": [ 120.9575786, 14.66389137 ] } },
{ "type": "Feature", "properties": { "107975": 136840, "Mandaluyong Addition Hills Elementary School": "Amang Rodriguez ES", "14.58393475": 14.67171525, "121.036764": 120.949199, "City of Mandaluyong": "City of Malabon" }, "geometry": { "type": "Point", "coordinates": [ 120.949199, 14.67171525 ] } },
{ "type": "Feature", "properties": { "107975": 136842, "Mandaluyong Addition Hills Elementary School": "Concepcion Elementary School", "14.58393475": 14.66794899, "121.036764": 120.9496681, "City of Mandaluyong": "City of Malabon" }, "geometry": { "type": "Point", "coordinates": [ 120.9496681, 14.66794899 ] } },
{ "type": "Feature", "properties": { "107975": 136843, "Mandaluyong Addition Hills Elementary School": "Dela Paz Elementary School", "14.58393475": 14.66235033, "121.036764": 120.9526584, "City of Mandaluyong": "City of Malabon" }, "geometry": { "type": "Point", "coordinates": [ 120.9526584, 14.66235033 ] } },
{ "type": "Feature", "properties": { "107975": 136844, "Mandaluyong Addition Hills Elementary School": "Muzon Elementary School", "14.58393475": 14.67636121, "121.036764": 120.9498707, "City of Mandaluyong": "City of Malabon" }, "geometry": { "type": "Point", "coordinates": [ 120.9498707, 14.67636121 ] } },
{ "type": "Feature", "properties": { "107975": 136845, "Mandaluyong Addition Hills Elementary School": "Niugan Elementary School", "14.58393475": 14.66714007, "121.036764": 120.9549856, "City of Mandaluyong": "City of Malabon" }, "geometry": { "type": "Point", "coordinates": [ 120.9549856, 14.66714007 ] } },
{ "type": "Feature", "properties": { "107975": 136846, "Mandaluyong Addition Hills Elementary School": "Santiago Syjuco Memorial School", "14.58393475": 14.6656763, "121.036764": 120.9506994, "City of Mandaluyong": "City of Malabon" }, "geometry": { "type": "Point", "coordinates": [ 120.9506994, 14.6656763 ] } },
{ "type": "Feature", "properties": { "107975": 136847, "Mandaluyong Addition Hills Elementary School": "Bagong Lote Elementary School", "14.58393475": 14.6695458, "121.036764": 120.998038, "City of Mandaluyong": "City of Malabon" }, "geometry": { "type": "Point", "coordinates": [ 120.998038, 14.6695458 ] } },
{ "type": "Feature", "properties": { "107975": 136848, "Mandaluyong Addition Hills Elementary School": "Potrero Elementary School", "14.58393475": 14.66323757, "121.036764": 120.9837381, "City of Mandaluyong": "City of Malabon" }, "geometry": { "type": "Point", "coordinates": [ 120.9837381, 14.66323757 ] } },
{ "type": "Feature", "properties": { "107975": 136849, "Mandaluyong Addition Hills Elementary School": "Potrero Elementary School I", "14.58393475": 14.66457547, "121.036764": 120.9787407, "City of Mandaluyong": "City of Malabon" }, "geometry": { "type": "Point", "coordinates": [ 120.9787407, 14.66457547 ] } },
{ "type": "Feature", "properties": { "107975": 136850, "Mandaluyong Addition Hills Elementary School": "Tinajeros ES", "14.58393475": 14.67133427, "121.036764": 120.9699176, "City of Mandaluyong": "City of Malabon" }, "geometry": { "type": "Point", "coordinates": [ 120.9699176, 14.67133427 ] } },
{ "type": "Feature", "properties": { "107975": 136851, "Mandaluyong Addition Hills Elementary School": "Guillermo S. Sanchez Memorial Elementary School", "14.58393475": 14.67680103, "121.036764": 120.9707888, "City of Mandaluyong": "City of Malabon" }, "geometry": { "type": "Point", "coordinates": [ 120.9707888, 14.67680103 ] } },
{ "type": "Feature", "properties": { "107975": 136852, "Mandaluyong Addition Hills Elementary School": "Acacia ES", "14.58393475": 14.66745425, "121.036764": 120.9687868, "City of Mandaluyong": "City of Malabon" }, "geometry": { "type": "Point", "coordinates": [ 120.9687868, 14.66745425 ] } },
{ "type": "Feature", "properties": { "107975": 136854, "Mandaluyong Addition Hills Elementary School": "Epifanio de los Santos Elementary School", "14.58393475": 14.66059781, "121.036764": 120.9670466, "City of Mandaluyong": "City of Malabon" }, "geometry": { "type": "Point", "coordinates": [ 120.9670466, 14.66059781 ] } },
{ "type": "Feature", "properties": { "107975": 136855, "Mandaluyong Addition Hills Elementary School": "Maysilo Elementary School", "14.58393475": 14.67732322, "121.036764": 120.9606634, "City of Mandaluyong": "City of Malabon" }, "geometry": { "type": "Point", "coordinates": [ 120.9606634, 14.67732322 ] } },
{ "type": "Feature", "properties": { "107975": 136856, "Mandaluyong Addition Hills Elementary School": "Bagumbayan Elementary School", "14.58393475": 14.65838668, "121.036764": 120.9483266, "City of Mandaluyong": "City of Navotas" }, "geometry": { "type": "Point", "coordinates": [ 120.9483266, 14.65838668 ] } },
{ "type": "Feature", "properties": { "107975": 136857, "Mandaluyong Addition Hills Elementary School": "Bangkulasi Elementary School", "14.58393475": 14.65126615, "121.036764": 120.9527638, "City of Mandaluyong": "City of Navotas" }, "geometry": { "type": "Point", "coordinates": [ 120.9527638, 14.65126615 ] } },
{ "type": "Feature", "properties": { "107975": 136858, "Mandaluyong Addition Hills Elementary School": "Dagat-Dagatan Elementary School", "14.58393475": 14.65079284, "121.036764": 120.9563699, "City of Mandaluyong": "City of Navotas" }, "geometry": { "type": "Point", "coordinates": [ 120.9563699, 14.65079284 ] } },
{ "type": "Feature", "properties": { "107975": 136859, "Mandaluyong Addition Hills Elementary School": "Kapitbahayan Elementary School", "14.58393475": 14.64437772, "121.036764": 120.9574305, "City of Mandaluyong": "City of Navotas" }, "geometry": { "type": "Point", "coordinates": [ 120.9574305, 14.64437772 ] } },
{ "type": "Feature", "properties": { "107975": 136860, "Mandaluyong Addition Hills Elementary School": "Navotas Elementary School Central", "14.58393475": 14.66250998, "121.036764": 120.9439097, "City of Mandaluyong": "City of Navotas" }, "geometry": { "type": "Point", "coordinates": [ 120.9439097, 14.66250998 ] } },
{ "type": "Feature", "properties": { "107975": 136861, "Mandaluyong Addition Hills Elementary School": "Navotas I Elementary School", "14.58393475": 14.66265, "121.036764": 120.945366, "City of Mandaluyong": "City of Navotas" }, "geometry": { "type": "Point", "coordinates": [ 120.945366, 14.66265 ] } },
{ "type": "Feature", "properties": { "107975": 136862, "Mandaluyong Addition Hills Elementary School": "North Bay Boulevard Elementary School", "14.58393475": 14.64425905, "121.036764": 120.9531828, "City of Mandaluyong": "City of Navotas" }, "geometry": { "type": "Point", "coordinates": [ 120.9531828, 14.64425905 ] } },
{ "type": "Feature", "properties": { "107975": 136863, "Mandaluyong Addition Hills Elementary School": "North Bay Boulevard North Elementary School", "14.58393475": 14.6481808, "121.036764": 120.9503588, "City of Mandaluyong": "City of Navotas" }, "geometry": { "type": "Point", "coordinates": [ 120.9503588, 14.6481808 ] } },
{ "type": "Feature", "properties": { "107975": 136864, "Mandaluyong Addition Hills Elementary School": "San Rafael Village Elementary School", "14.58393475": 14.63698135, "121.036764": 120.9645605, "City of Mandaluyong": "City of Navotas" }, "geometry": { "type": "Point", "coordinates": [ 120.9645605, 14.63698135 ] } },
{ "type": "Feature", "properties": { "107975": 136865, "Mandaluyong Addition Hills Elementary School": "Daanghari Elementary School", "14.58393475": 14.66584082, "121.036764": 120.9405862, "City of Mandaluyong": "City of Navotas" }, "geometry": { "type": "Point", "coordinates": [ 120.9405862, 14.66584082 ] } },
{ "type": "Feature", "properties": { "107975": 136866, "Mandaluyong Addition Hills Elementary School": "San Roque Elementary School", "14.58393475": 14.66946265, "121.036764": 120.9379869, "City of Mandaluyong": "City of Navotas" }, "geometry": { "type": "Point", "coordinates": [ 120.9379869, 14.66946265 ] } },
{ "type": "Feature", "properties": { "107975": 136867, "Mandaluyong Addition Hills Elementary School": "Tangos Elementary School", "14.58393475": 14.6737512, "121.036764": 120.93458, "City of Mandaluyong": "City of Navotas" }, "geometry": { "type": "Point", "coordinates": [ 120.93458, 14.6737512 ] } },
{ "type": "Feature", "properties": { "107975": 136868, "Mandaluyong Addition Hills Elementary School": "Tangos I Elementary School", "14.58393475": 14.67411785, "121.036764": 120.9323282, "City of Mandaluyong": "City of Navotas" }, "geometry": { "type": "Point", "coordinates": [ 120.9323282, 14.67411785 ] } },
{ "type": "Feature", "properties": { "107975": 136869, "Mandaluyong Addition Hills Elementary School": "Tanza Elementary School", "14.58393475": 14.67896105, "121.036764": 120.933742, "City of Mandaluyong": "City of Navotas" }, "geometry": { "type": "Point", "coordinates": [ 120.933742, 14.67896105 ] } },
{ "type": "Feature", "properties": { "107975": 136870, "Mandaluyong Addition Hills Elementary School": "Wawa Elementary School", "14.58393475": 14.67002212, "121.036764": 120.9347825, "City of Mandaluyong": "City of Navotas" }, "geometry": { "type": "Point", "coordinates": [ 120.9347825, 14.67002212 ] } },
{ "type": "Feature", "properties": { "107975": 136871, "Mandaluyong Addition Hills Elementary School": "Ciriaco P. Tiñga Elementary School", "14.58393475": 14.51331422, "121.036764": 121.069191, "City of Mandaluyong": "City of Taguig" }, "geometry": { "type": "Point", "coordinates": [ 121.069191, 14.51331422 ] } },
{ "type": "Feature", "properties": { "107975": 136872, "Mandaluyong Addition Hills Elementary School": "Dr. Artemio. E. Natividad Elementary School", "14.58393475": 14.53697601, "121.036764": 121.0682387, "City of Mandaluyong": "City of Taguig" }, "geometry": { "type": "Point", "coordinates": [ 121.0682387, 14.53697601 ] } },
{ "type": "Feature", "properties": { "107975": 136873, "Mandaluyong Addition Hills Elementary School": "Eusebio C. Santos Elementary School", "14.58393475": 14.52002668, "121.036764": 121.073601, "City of Mandaluyong": "City of Taguig" }, "geometry": { "type": "Point", "coordinates": [ 121.073601, 14.52002668 ] } },
{ "type": "Feature", "properties": { "107975": 136875, "Mandaluyong Addition Hills Elementary School": "Ricardo P. Cruz, Sr. Elementary School", "14.58393475": 14.5004291, "121.036764": 121.0627417, "City of Mandaluyong": "City of Taguig" }, "geometry": { "type": "Point", "coordinates": [ 121.0627417, 14.5004291 ] } },
{ "type": "Feature", "properties": { "107975": 136877, "Mandaluyong Addition Hills Elementary School": "Tipas Elementary School", "14.58393475": 14.53913232, "121.036764": 121.0788555, "City of Mandaluyong": "City of Taguig" }, "geometry": { "type": "Point", "coordinates": [ 121.0788555, 14.53913232 ] } },
{ "type": "Feature", "properties": { "107975": 136878, "Mandaluyong Addition Hills Elementary School": "Tipas Elementary School – Annex", "14.58393475": 14.53209259, "121.036764": 121.0794097, "City of Mandaluyong": "City of Taguig" }, "geometry": { "type": "Point", "coordinates": [ 121.0794097, 14.53209259 ] } },
{ "type": "Feature", "properties": { "107975": 136879, "Mandaluyong Addition Hills Elementary School": "Ususan Elementary School", "14.58393475": 14.5345128, "121.036764": 121.0671092, "City of Mandaluyong": "City of Taguig" }, "geometry": { "type": "Point", "coordinates": [ 121.0671092, 14.5345128 ] } },
{ "type": "Feature", "properties": { "107975": 136881, "Mandaluyong Addition Hills Elementary School": "Bagong Tanyag Elementary School – Annex A", "14.58393475": 14.4666786, "121.036764": 121.050954, "City of Mandaluyong": "City of Taguig" }, "geometry": { "type": "Point", "coordinates": [ 121.050954, 14.4666786 ] } },
{ "type": "Feature", "properties": { "107975": 136882, "Mandaluyong Addition Hills Elementary School": "South Daang Hari Elementary School", "14.58393475": 14.47085894, "121.036764": 121.0474819, "City of Mandaluyong": "City of Taguig" }, "geometry": { "type": "Point", "coordinates": [ 121.0474819, 14.47085894 ] } },
{ "type": "Feature", "properties": { "107975": 136883, "Mandaluyong Addition Hills Elementary School": "Cipriano P. Santa Teresa Elementary School", "14.58393475": 14.47396052, "121.036764": 121.0584175, "City of Mandaluyong": "City of Taguig" }, "geometry": { "type": "Point", "coordinates": [ 121.0584175, 14.47396052 ] } },
{ "type": "Feature", "properties": { "107975": 136884, "Mandaluyong Addition Hills Elementary School": "Daanghari Elementary School", "14.58393475": 14.48659624, "121.036764": 121.0474313, "City of Mandaluyong": "City of Taguig" }, "geometry": { "type": "Point", "coordinates": [ 121.0474313, 14.48659624 ] } },
{ "type": "Feature", "properties": { "107975": 136885, "Mandaluyong Addition Hills Elementary School": "EM's Signal Village Elementary School", "14.58393475": 14.51162344, "121.036764": 121.0573324, "City of Mandaluyong": "City of Taguig" }, "geometry": { "type": "Point", "coordinates": [ 121.0573324, 14.51162344 ] } },
{ "type": "Feature", "properties": { "107975": 136887, "Mandaluyong Addition Hills Elementary School": "Upper Bicutan Elementary School", "14.58393475": 14.4897783, "121.036764": 121.0541335, "City of Mandaluyong": "City of Taguig" }, "geometry": { "type": "Point", "coordinates": [ 121.0541335, 14.4897783 ] } },
{ "type": "Feature", "properties": { "107975": 136889, "Mandaluyong Addition Hills Elementary School": "Silangan Elementary School", "14.58393475": 14.50148916, "121.036764": 121.050472, "City of Mandaluyong": "City of Taguig" }, "geometry": { "type": "Point", "coordinates": [ 121.050472, 14.50148916 ] } },
{ "type": "Feature", "properties": { "107975": 136891, "Mandaluyong Addition Hills Elementary School": "Tenement Elementary School", "14.58393475": 14.50876649, "121.036764": 121.0381429, "City of Mandaluyong": "City of Taguig" }, "geometry": { "type": "Point", "coordinates": [ 121.0381429, 14.50876649 ] } },
{ "type": "Feature", "properties": { "107975": 136892, "Mandaluyong Addition Hills Elementary School": "Aguho Elementary School", "14.58393475": 14.54413946, "121.036764": 121.0613536, "City of Mandaluyong": "Pateros" }, "geometry": { "type": "Point", "coordinates": [ 121.0613536, 14.54413946 ] } },
{ "type": "Feature", "properties": { "107975": 136893, "Mandaluyong Addition Hills Elementary School": "Capitan Hipolito Francisco Elementary School", "14.58393475": 14.54676616, "121.036764": 121.0717665, "City of Mandaluyong": "Pateros" }, "geometry": { "type": "Point", "coordinates": [ 121.0717665, 14.54676616 ] } },
{ "type": "Feature", "properties": { "107975": 136894, "Mandaluyong Addition Hills Elementary School": "Capt. Hipolito Francisco Elementary School Annex", "14.58393475": 14.54467, "121.036764": 121.070069, "City of Mandaluyong": "Pateros" }, "geometry": { "type": "Point", "coordinates": [ 121.070069, 14.54467 ] } },
{ "type": "Feature", "properties": { "107975": 136895, "Mandaluyong Addition Hills Elementary School": "Paulina Manalo Elementary School", "14.58393475": 14.54092714, "121.036764": 121.0719483, "City of Mandaluyong": "Pateros" }, "geometry": { "type": "Point", "coordinates": [ 121.0719483, 14.54092714 ] } },
{ "type": "Feature", "properties": { "107975": 136896, "Mandaluyong Addition Hills Elementary School": "Pateros Elementary School", "14.58393475": 14.54700212, "121.036764": 121.0672685, "City of Mandaluyong": "Pateros" }, "geometry": { "type": "Point", "coordinates": [ 121.0672685, 14.54700212 ] } },
{ "type": "Feature", "properties": { "107975": 136897, "Mandaluyong Addition Hills Elementary School": "Santa Ana Elementary School", "14.58393475": 14.54755719, "121.036764": 121.0741971, "City of Mandaluyong": "Pateros" }, "geometry": { "type": "Point", "coordinates": [ 121.0741971, 14.54755719 ] } },
{ "type": "Feature", "properties": { "107975": 136898, "Mandaluyong Addition Hills Elementary School": "Santo Rosario Elementary School", "14.58393475": 14.55243808, "121.036764": 121.0690088, "City of Mandaluyong": "Pateros" }, "geometry": { "type": "Point", "coordinates": [ 121.0690088, 14.55243808 ] } },
{ "type": "Feature", "properties": { "107975": 136899, "Mandaluyong Addition Hills Elementary School": "Bayanan Elementary School", "14.58393475": 14.40693768, "121.036764": 121.0453077, "City of Mandaluyong": "City of Muntinlupa" }, "geometry": { "type": "Point", "coordinates": [ 121.0453077, 14.40693768 ] } },
{ "type": "Feature", "properties": { "107975": 136900, "Mandaluyong Addition Hills Elementary School": "Francisco A. de Mesa Elementary School", "14.58393475": 14.40148638, "121.036764": 121.0439625, "City of Mandaluyong": "City of Muntinlupa" }, "geometry": { "type": "Point", "coordinates": [ 121.0439625, 14.40148638 ] } },
{ "type": "Feature", "properties": { "107975": 136901, "Mandaluyong Addition Hills Elementary School": "Itaas Elementary School", "14.58393475": 14.38660772, "121.036764": 121.0311899, "City of Mandaluyong": "City of Muntinlupa" }, "geometry": { "type": "Point", "coordinates": [ 121.0311899, 14.38660772 ] } },
{ "type": "Feature", "properties": { "107975": 136903, "Mandaluyong Addition Hills Elementary School": "Muntinlupa Elementary School", "14.58393475": 14.38847845, "121.036764": 121.0442649, "City of Mandaluyong": "City of Muntinlupa" }, "geometry": { "type": "Point", "coordinates": [ 121.0442649, 14.38847845 ] } },
{ "type": "Feature", "properties": { "107975": 136904, "Mandaluyong Addition Hills Elementary School": "Putatan Elementary School", "14.58393475": 14.3942817, "121.036764": 121.0500175, "City of Mandaluyong": "City of Muntinlupa" }, "geometry": { "type": "Point", "coordinates": [ 121.0500175, 14.3942817 ] } },
{ "type": "Feature", "properties": { "107975": 136905, "Mandaluyong Addition Hills Elementary School": "Soldiers' Hills Elementary School", "14.58393475": 14.40076797, "121.036764": 121.0366254, "City of Mandaluyong": "City of Muntinlupa" }, "geometry": { "type": "Point", "coordinates": [ 121.0366254, 14.40076797 ] } },
{ "type": "Feature", "properties": { "107975": 136906, "Mandaluyong Addition Hills Elementary School": "Tunasan Elementary School", "14.58393475": 14.38105653, "121.036764": 121.0514631, "City of Mandaluyong": "City of Muntinlupa" }, "geometry": { "type": "Point", "coordinates": [ 121.0514631, 14.38105653 ] } },
{ "type": "Feature", "properties": { "107975": 136907, "Mandaluyong Addition Hills Elementary School": "Victoria Homes Elementary School", "14.58393475": 14.35988264, "121.036764": 121.0111577, "City of Mandaluyong": "City of Muntinlupa" }, "geometry": { "type": "Point", "coordinates": [ 121.0111577, 14.35988264 ] } },
{ "type": "Feature", "properties": { "107975": 136908, "Mandaluyong Addition Hills Elementary School": "Alabang Elementary School", "14.58393475": 14.42079812, "121.036764": 121.0492211, "City of Mandaluyong": "City of Muntinlupa" }, "geometry": { "type": "Point", "coordinates": [ 121.0492211, 14.42079812 ] } },
{ "type": "Feature", "properties": { "107975": 136909, "Mandaluyong Addition Hills Elementary School": "Bagong Silang Elementary School", "14.58393475": 14.44421568, "121.036764": 121.0420572, "City of Mandaluyong": "City of Muntinlupa" }, "geometry": { "type": "Point", "coordinates": [ 121.0420572, 14.44421568 ] } },
{ "type": "Feature", "properties": { "107975": 136910, "Mandaluyong Addition Hills Elementary School": "Bayanan Elementary School Unit I", "14.58393475": 14.41213189, "121.036764": 121.0514825, "City of Mandaluyong": "City of Muntinlupa" }, "geometry": { "type": "Point", "coordinates": [ 121.0514825, 14.41213189 ] } },
{ "type": "Feature", "properties": { "107975": 136911, "Mandaluyong Addition Hills Elementary School": "Buli Elementary School", "14.58393475": 14.44334215, "121.036764": 121.048075, "City of Mandaluyong": "City of Muntinlupa" }, "geometry": { "type": "Point", "coordinates": [ 121.048075, 14.44334215 ] } },
{ "type": "Feature", "properties": { "107975": 136912, "Mandaluyong Addition Hills Elementary School": "Cupang Elementary School", "14.58393475": 14.43033204, "121.036764": 121.0496392, "City of Mandaluyong": "City of Muntinlupa" }, "geometry": { "type": "Point", "coordinates": [ 121.0496392, 14.43033204 ] } },
{ "type": "Feature", "properties": { "107975": 136913, "Mandaluyong Addition Hills Elementary School": "Cupang ES - Annex", "14.58393475": 14.440333, "121.036764": 121.04324, "City of Mandaluyong": "City of Muntinlupa" }, "geometry": { "type": "Point", "coordinates": [ 121.04324, 14.440333 ] } },
{ "type": "Feature", "properties": { "107975": 136914, "Mandaluyong Addition Hills Elementary School": "Sucat Elementary School", "14.58393475": 14.45763055, "121.036764": 121.0527061, "City of Mandaluyong": "City of Muntinlupa" }, "geometry": { "type": "Point", "coordinates": [ 121.0527061, 14.45763055 ] } },
{ "type": "Feature", "properties": { "107975": 136915, "Mandaluyong Addition Hills Elementary School": "Sucat Elementary School – Pagkakaisa Annex", "14.58393475": 14.4650896, "121.036764": 121.0462695, "City of Mandaluyong": "City of Muntinlupa" }, "geometry": { "type": "Point", "coordinates": [ 121.0462695, 14.4650896 ] } },
{ "type": "Feature", "properties": { "107975": 136968, "Mandaluyong Addition Hills Elementary School": "Sen. Benigno S. Aquino Jr. ES", "14.58393475": 14.59162426, "121.036764": 120.957175, "City of Mandaluyong": "City of Manila" }, "geometry": { "type": "Point", "coordinates": [ 120.957175, 14.59162426 ] } },
{ "type": "Feature", "properties": { "107975": 137077, "Mandaluyong Addition Hills Elementary School": "West Crame ES", "14.58393475": 14.607993, "121.036764": 121.050583, "City of Mandaluyong": "City of San Juan" }, "geometry": { "type": "Point", "coordinates": [ 121.050583, 14.607993 ] } },
{ "type": "Feature", "properties": { "107975": 137127, "Mandaluyong Addition Hills Elementary School": "Marcelo Green Elementary School", "14.58393475": 14.4587535, "121.036764": 121.0424864, "City of Mandaluyong": "City of Parañaque" }, "geometry": { "type": "Point", "coordinates": [ 121.0424864, 14.4587535 ] } },
{ "type": "Feature", "properties": { "107975": 137128, "Mandaluyong Addition Hills Elementary School": "Silverio Elementary School", "14.58393475": 14.471361, "121.036764": 121.012083, "City of Mandaluyong": "City of Parañaque" }, "geometry": { "type": "Point", "coordinates": [ 121.012083, 14.471361 ] } },
{ "type": "Feature", "properties": { "107975": 137129, "Mandaluyong Addition Hills Elementary School": "Don Bosco Elementary School", "14.58393475": 14.4798802, "121.036764": 121.02098, "City of Mandaluyong": "City of Parañaque" }, "geometry": { "type": "Point", "coordinates": [ 121.02098, 14.4798802 ] } },
{ "type": "Feature", "properties": { "107975": 137131, "Mandaluyong Addition Hills Elementary School": "Merville Elementary School", "14.58393475": 14.4967294, "121.036764": 121.0251054, "City of Mandaluyong": "City of Parañaque" }, "geometry": { "type": "Point", "coordinates": [ 121.0251054, 14.4967294 ] } },
{ "type": "Feature", "properties": { "107975": 137141, "Mandaluyong Addition Hills Elementary School": "Santos Encarnacion Elementary School", "14.58393475": 14.70244526, "121.036764": 120.9642471, "City of Mandaluyong": "City of Valenzuela" }, "geometry": { "type": "Point", "coordinates": [ 120.9642471, 14.70244526 ] } },
{ "type": "Feature", "properties": { "107975": 137143, "Mandaluyong Addition Hills Elementary School": "Disiplina Village Elementary School", "14.58393475": 14.7476883, "121.036764": 120.997344, "City of Mandaluyong": "City of Valenzuela" }, "geometry": { "type": "Point", "coordinates": [ 120.997344, 14.7476883 ] } },
{ "type": "Feature", "properties": { "107975": 222001, "Mandaluyong Addition Hills Elementary School": "R. Almario Elementary School – Parola Annex", "14.58393475": 14.59813764, "121.036764": 120.9556312, "City of Mandaluyong": "City of Manila" }, "geometry": { "type": "Point", "coordinates": [ 120.9556312, 14.59813764 ] } },
{ "type": "Feature", "properties": { "107975": 222501, "Mandaluyong Addition Hills Elementary School": "West Fairview Elementary School", "14.58393475": 14.70165816, "121.036764": 121.0639499, "City of Mandaluyong": "Quezon City" }, "geometry": { "type": "Point", "coordinates": [ 121.0639499, 14.70165816 ] } },
{ "type": "Feature", "properties": { "107975": 222503, "Mandaluyong Addition Hills Elementary School": "Benigno S. Aquino Jr. Elementary School", "14.58393475": 14.69713539, "121.036764": 121.088162, "City of Mandaluyong": "Quezon City" }, "geometry": { "type": "Point", "coordinates": [ 121.088162, 14.69713539 ] } },
{ "type": "Feature", "properties": { "107975": 222504, "Mandaluyong Addition Hills Elementary School": "NOH-School for Crippled Children", "14.58393475": 14.6291, "121.036764": 120.9997, "City of Mandaluyong": "Quezon City" }, "geometry": { "type": "Point", "coordinates": [ 120.9997, 14.6291 ] } },
{ "type": "Feature", "properties": { "107975": 223501, "Mandaluyong Addition Hills Elementary School": "Caloocan North Elementary School", "14.58393475": 14.76004089, "121.036764": 121.0610056, "City of Mandaluyong": "City of Caloocan" }, "geometry": { "type": "Point", "coordinates": [ 121.0610056, 14.76004089 ] } },
{ "type": "Feature", "properties": { "107975": 223502, "Mandaluyong Addition Hills Elementary School": "Gabriela Silang Elementary School – Annex", "14.58393475": 14.77588012, "121.036764": 121.045888, "City of Mandaluyong": "City of Caloocan" }, "geometry": { "type": "Point", "coordinates": [ 121.045888, 14.77588012 ] } },
{ "type": "Feature", "properties": { "107975": 223503, "Mandaluyong Addition Hills Elementary School": "Camarin D Elementary School – Unit Ⅱ", "14.58393475": 14.75661494, "121.036764": 121.0560519, "City of Mandaluyong": "City of Caloocan" }, "geometry": { "type": "Point", "coordinates": [ 121.0560519, 14.75661494 ] } },
{ "type": "Feature", "properties": { "107975": 223511, "Mandaluyong Addition Hills Elementary School": "Rene Cayetano Elementary School", "14.58393475": 14.77778895, "121.036764": 121.0518005, "City of Mandaluyong": "City of Caloocan" }, "geometry": { "type": "Point", "coordinates": [ 121.0518005, 14.77778895 ] } },
{ "type": "Feature", "properties": { "107975": 223512, "Mandaluyong Addition Hills Elementary School": "Antonio Luna Elementary School", "14.58393475": 14.74840206, "121.036764": 121.0109757, "City of Mandaluyong": "City of Caloocan" }, "geometry": { "type": "Point", "coordinates": [ 121.0109757, 14.74840206 ] } },
{ "type": "Feature", "properties": { "107975": 224001, "Mandaluyong Addition Hills Elementary School": "Pleasant HIlls Elementary School", "14.58393475": 14.5880673, "121.036764": 121.0387608, "City of Mandaluyong": "City of Mandaluyong" }, "geometry": { "type": "Point", "coordinates": [ 121.0387608, 14.5880673 ] } },
{ "type": "Feature", "properties": { "107975": 225501, "Mandaluyong Addition Hills Elementary School": "Maybunga Elementary School Annex", "14.58393475": 14.57804311, "121.036764": 121.0965463, "City of Mandaluyong": "City of Pasig" }, "geometry": { "type": "Point", "coordinates": [ 121.0965463, 14.57804311 ] } },
{ "type": "Feature", "properties": { "107975": 226001, "Mandaluyong Addition Hills Elementary School": "Sun Valley Elementary School", "14.58393475": 14.48958906, "121.036764": 121.0293225, "City of Mandaluyong": "City of Parañaque" }, "geometry": { "type": "Point", "coordinates": [ 121.0293225, 14.48958906 ] } },
{ "type": "Feature", "properties": { "107975": 226002, "Mandaluyong Addition Hills Elementary School": "San Isidro Elementary School", "14.58393475": 14.460592, "121.036764": 121.0162358, "City of Mandaluyong": "City of Parañaque" }, "geometry": { "type": "Point", "coordinates": [ 121.0162358, 14.460592 ] } },
{ "type": "Feature", "properties": { "107975": 226501, "Mandaluyong Addition Hills Elementary School": "Moonwalk Elementary School – Golden Acres Annex", "14.58393475": 14.41716084, "121.036764": 120.9971389, "City of Mandaluyong": "City of Las Piñas" }, "geometry": { "type": "Point", "coordinates": [ 120.9971389, 14.41716084 ] } },
{ "type": "Feature", "properties": { "107975": 226502, "Mandaluyong Addition Hills Elementary School": "Captain Albert Aguilar Elementary School – Annex", "14.58393475": 14.45933068, "121.036764": 121.000978, "City of Mandaluyong": "City of Las Piñas" }, "geometry": { "type": "Point", "coordinates": [ 121.000978, 14.45933068 ] } },
{ "type": "Feature", "properties": { "107975": 226503, "Mandaluyong Addition Hills Elementary School": "Talon 3 Elementary School – Annex", "14.58393475": 14.44272142, "121.036764": 121.001033, "City of Mandaluyong": "City of Las Piñas" }, "geometry": { "type": "Point", "coordinates": [ 121.001033, 14.44272142 ] } },
{ "type": "Feature", "properties": { "107975": 227001, "Mandaluyong Addition Hills Elementary School": "Pinalagad Elementary School", "14.58393475": 14.68138852, "121.036764": 120.9689893, "City of Mandaluyong": "City of Valenzuela" }, "geometry": { "type": "Point", "coordinates": [ 120.9689893, 14.68138852 ] } },
{ "type": "Feature", "properties": { "107975": 227002, "Mandaluyong Addition Hills Elementary School": "Santiago A. de Guzman Elementary School", "14.58393475": 14.68230479, "121.036764": 120.9888393, "City of Mandaluyong": "City of Valenzuela" }, "geometry": { "type": "Point", "coordinates": [ 120.9888393, 14.68230479 ] } },
{ "type": "Feature", "properties": { "107975": 227003, "Mandaluyong Addition Hills Elementary School": "Apolonio Casimiro Elementary School", "14.58393475": 14.733185, "121.036764": 120.9865898, "City of Mandaluyong": "City of Valenzuela" }, "geometry": { "type": "Point", "coordinates": [ 120.9865898, 14.733185 ] } },
{ "type": "Feature", "properties": { "107975": 228002, "Mandaluyong Addition Hills Elementary School": "Gat. Andres Bonifacio Elmentary School", "14.58393475": 14.5298775, "121.036764": 121.0241051, "City of Mandaluyong": "City of Taguig" }, "geometry": { "type": "Point", "coordinates": [ 121.0241051, 14.5298775 ] } },
{ "type": "Feature", "properties": { "107975": 228501, "Mandaluyong Addition Hills Elementary School": "Itaas Elementary School - NBP Annex", "14.58393475": 14.3729822, "121.036764": 121.0241772, "City of Mandaluyong": "City of Muntinlupa" }, "geometry": { "type": "Point", "coordinates": [ 121.0241772, 14.3729822 ] } },
{ "type": "Feature", "properties": { "107975": 228502, "Mandaluyong Addition Hills Elementary School": "Filinvest Alabang Elementary School", "14.58393475": 14.42852066, "121.036764": 121.0410447, "City of Mandaluyong": "City of Muntinlupa" }, "geometry": { "type": "Point", "coordinates": [ 121.0410447, 14.42852066 ] } },
{ "type": "Feature", "properties": { "107975": 300133, "Mandaluyong Addition Hills Elementary School": "Angeles National High School", "14.58393475": 14.64939857, "121.036764": 120.9521823, "City of Mandaluyong": "City of Navotas" }, "geometry": { "type": "Point", "coordinates": [ 120.9521823, 14.64939857 ] } },
{ "type": "Feature", "properties": { "107975": 300553, "Mandaluyong Addition Hills Elementary School": "San Antonio National High School", "14.58393475": 14.46024204, "121.036764": 121.0299369, "City of Mandaluyong": "City of Parañaque" }, "geometry": { "type": "Point", "coordinates": [ 121.0299369, 14.46024204 ] } },
{ "type": "Feature", "properties": { "107975": 302149, "Mandaluyong Addition Hills Elementary School": "Santiago Syjuco Memorial Integrated Secondary School", "14.58393475": 14.66518249, "121.036764": 120.9508926, "City of Mandaluyong": "City of Malabon" }, "geometry": { "type": "Point", "coordinates": [ 120.9508926, 14.66518249 ] } },
{ "type": "Feature", "properties": { "107975": 302387, "Mandaluyong Addition Hills Elementary School": "Malabon City Techvoc and Entrepreneurship Senior High School", "14.58393475": 14.6654434, "121.036764": 120.9510036, "City of Mandaluyong": "City of Malabon" }, "geometry": { "type": "Point", "coordinates": [ 120.9510036, 14.6654434 ] } },
{ "type": "Feature", "properties": { "107975": 303450, "Mandaluyong Addition Hills Elementary School": "Cupang Senior High School", "14.58393475": 14.43236373, "121.036764": 121.0517063, "City of Mandaluyong": "City of Muntinlupa" }, "geometry": { "type": "Point", "coordinates": [ 121.0517063, 14.43236373 ] } },
{ "type": "Feature", "properties": { "107975": 304946, "Mandaluyong Addition Hills Elementary School": "SHS in Barangay Fort Bonifacio", "14.58393475": 14.5298648, "121.036764": 121.0242614, "City of Mandaluyong": "City of Taguig" }, "geometry": { "type": "Point", "coordinates": [ 121.0242614, 14.5298648 ] } },
{ "type": "Feature", "properties": { "107975": 305288, "Mandaluyong Addition Hills Elementary School": "Dr. Juan G. Nolasco High School", "14.58393475": 14.61952363, "121.036764": 120.9683194, "City of Mandaluyong": "City of Manila" }, "geometry": { "type": "Point", "coordinates": [ 120.9683194, 14.61952363 ] } },
{ "type": "Feature", "properties": { "107975": 305290, "Mandaluyong Addition Hills Elementary School": "Gregorio Perfecto High School", "14.58393475": 14.61038308, "121.036764": 120.970956, "City of Mandaluyong": "City of Manila" }, "geometry": { "type": "Point", "coordinates": [ 120.970956, 14.61038308 ] } },
{ "type": "Feature", "properties": { "107975": 305291, "Mandaluyong Addition Hills Elementary School": "Tondo High School", "14.58393475": 14.61104633, "121.036764": 120.9622063, "City of Mandaluyong": "City of Manila" }, "geometry": { "type": "Point", "coordinates": [ 120.9622063, 14.61104633 ] } },
{ "type": "Feature", "properties": { "107975": 305292, "Mandaluyong Addition Hills Elementary School": "Antonio J. Villegas Vocational High School", "14.58393475": 14.62357673, "121.036764": 120.9612501, "City of Mandaluyong": "City of Manila" }, "geometry": { "type": "Point", "coordinates": [ 120.9612501, 14.62357673 ] } },
{ "type": "Feature", "properties": { "107975": 305294, "Mandaluyong Addition Hills Elementary School": "Jose P. Laurel High School", "14.58393475": 14.62956134, "121.036764": 120.9719873, "City of Mandaluyong": "City of Manila" }, "geometry": { "type": "Point", "coordinates": [ 120.9719873, 14.62956134 ] } },
{ "type": "Feature", "properties": { "107975": 305295, "Mandaluyong Addition Hills Elementary School": "Lakan Dula High School", "14.58393475": 14.62506809, "121.036764": 120.9736092, "City of Mandaluyong": "City of Manila" }, "geometry": { "type": "Point", "coordinates": [ 120.9736092, 14.62506809 ] } },
{ "type": "Feature", "properties": { "107975": 305296, "Mandaluyong Addition Hills Elementary School": "President Sergio Osmeña, Sr. High School", "14.58393475": 14.62850874, "121.036764": 120.9729836, "City of Mandaluyong": "City of Manila" }, "geometry": { "type": "Point", "coordinates": [ 120.9729836, 14.62850874 ] } },
{ "type": "Feature", "properties": { "107975": 305297, "Mandaluyong Addition Hills Elementary School": "Manuel L. Quezon High School", "14.58393475": 14.6230169, "121.036764": 120.9833269, "City of Mandaluyong": "City of Manila" }, "geometry": { "type": "Point", "coordinates": [ 120.9833269, 14.6230169 ] } },
{ "type": "Feature", "properties": { "107975": 305298, "Mandaluyong Addition Hills Elementary School": "Florentino Torres High School", "14.58393475": 14.62729622, "121.036764": 120.9726934, "City of Mandaluyong": "City of Manila" }, "geometry": { "type": "Point", "coordinates": [ 120.9726934, 14.62729622 ] } },
{ "type": "Feature", "properties": { "107975": 305299, "Mandaluyong Addition Hills Elementary School": "Doña Teodora Alonzo High School", "14.58393475": 14.61284192, "121.036764": 120.9803687, "City of Mandaluyong": "City of Manila" }, "geometry": { "type": "Point", "coordinates": [ 120.9803687, 14.61284192 ] } },
{ "type": "Feature", "properties": { "107975": 305300, "Mandaluyong Addition Hills Elementary School": "Cayetano Arellano High School", "14.58393475": 14.60599688, "121.036764": 120.9791114, "City of Mandaluyong": "City of Manila" }, "geometry": { "type": "Point", "coordinates": [ 120.9791114, 14.60599688 ] } },
{ "type": "Feature", "properties": { "107975": 305301, "Mandaluyong Addition Hills Elementary School": "Ramon Q. Avancena High School", "14.58393475": 14.59366017, "121.036764": 120.9893194, "City of Mandaluyong": "City of Manila" }, "geometry": { "type": "Point", "coordinates": [ 120.9893194, 14.59366017 ] } },
{ "type": "Feature", "properties": { "107975": 305302, "Mandaluyong Addition Hills Elementary School": "Jose Abad Santos High School", "14.58393475": 14.59706191, "121.036764": 120.9727362, "City of Mandaluyong": "City of Manila" }, "geometry": { "type": "Point", "coordinates": [ 120.9727362, 14.59706191 ] } },
{ "type": "Feature", "properties": { "107975": 305303, "Mandaluyong Addition Hills Elementary School": "Rajah Soliman Science and Technology High School", "14.58393475": 14.59787775, "121.036764": 120.9727405, "City of Mandaluyong": "City of Manila" }, "geometry": { "type": "Point", "coordinates": [ 120.9727405, 14.59787775 ] } },
{ "type": "Feature", "properties": { "107975": 305304, "Mandaluyong Addition Hills Elementary School": "Esteban Abada High School", "14.58393475": 14.62191926, "121.036764": 120.9942943, "City of Mandaluyong": "City of Manila" }, "geometry": { "type": "Point", "coordinates": [ 120.9942943, 14.62191926 ] } },
{ "type": "Feature", "properties": { "107975": 305306, "Mandaluyong Addition Hills Elementary School": "Mataas na Paaralang Ramon Magsaysay", "14.58393475": 14.61115009, "121.036764": 120.993056, "City of Mandaluyong": "City of Manila" }, "geometry": { "type": "Point", "coordinates": [ 120.993056, 14.61115009 ] } },
{ "type": "Feature", "properties": { "107975": 305307, "Mandaluyong Addition Hills Elementary School": "Claro M. Recto High School", "14.58393475": 14.59986967, "121.036764": 120.9945956, "City of Mandaluyong": "City of Manila" }, "geometry": { "type": "Point", "coordinates": [ 120.9945956, 14.59986967 ] } },
{ "type": "Feature", "properties": { "107975": 305308, "Mandaluyong Addition Hills Elementary School": "Valeriano E. Fugoso Memorial High School", "14.58393475": 14.6657872, "121.036764": 121.1176296, "City of Mandaluyong": "City of Manila" }, "geometry": { "type": "Point", "coordinates": [ 121.1176296, 14.6657872 ] } },
{ "type": "Feature", "properties": { "107975": 305309, "Mandaluyong Addition Hills Elementary School": "M. Araullo High School", "14.58393475": 14.58319141, "121.036764": 120.9851916, "City of Mandaluyong": "City of Manila" }, "geometry": { "type": "Point", "coordinates": [ 120.9851916, 14.58319141 ] } },
{ "type": "Feature", "properties": { "107975": 305310, "Mandaluyong Addition Hills Elementary School": "Carlos P. Garcia High School", "14.58393475": 14.59477398, "121.036764": 121.0029023, "City of Mandaluyong": "City of Manila" }, "geometry": { "type": "Point", "coordinates": [ 121.0029023, 14.59477398 ] } },
{ "type": "Feature", "properties": { "107975": 305311, "Mandaluyong Addition Hills Elementary School": "Manila High School", "14.58393475": 14.58921667, "121.036764": 120.9785537, "City of Mandaluyong": "City of Manila" }, "geometry": { "type": "Point", "coordinates": [ 120.9785537, 14.58921667 ] } },
{ "type": "Feature", "properties": { "107975": 305312, "Mandaluyong Addition Hills Elementary School": "Manila Science High School", "14.58393475": 14.58076585, "121.036764": 120.9864495, "City of Mandaluyong": "City of Manila" }, "geometry": { "type": "Point", "coordinates": [ 120.9864495, 14.58076585 ] } },
{ "type": "Feature", "properties": { "107975": 305313, "Mandaluyong Addition Hills Elementary School": "Ignacio Villamor High School", "14.58393475": 14.57637776, "121.036764": 121.0087318, "City of Mandaluyong": "City of Manila" }, "geometry": { "type": "Point", "coordinates": [ 121.0087318, 14.57637776 ] } },
{ "type": "Feature", "properties": { "107975": 305315, "Mandaluyong Addition Hills Elementary School": "Victoriano Mapa High School", "14.58393475": 14.59802916, "121.036764": 120.9917957, "City of Mandaluyong": "City of Manila" }, "geometry": { "type": "Point", "coordinates": [ 120.9917957, 14.59802916 ] } },
{ "type": "Feature", "properties": { "107975": 305316, "Mandaluyong Addition Hills Elementary School": "Mariano Marcos Memorial High School", "14.58393475": 14.58218708, "121.036764": 121.0075701, "City of Mandaluyong": "City of Manila" }, "geometry": { "type": "Point", "coordinates": [ 121.0075701, 14.58218708 ] } },
{ "type": "Feature", "properties": { "107975": 305317, "Mandaluyong Addition Hills Elementary School": "Elpidio Quirino High School", "14.58393475": 14.58986679, "121.036764": 121.0174352, "City of Mandaluyong": "City of Manila" }, "geometry": { "type": "Point", "coordinates": [ 121.0174352, 14.58986679 ] } },
{ "type": "Feature", "properties": { "107975": 305318, "Mandaluyong Addition Hills Elementary School": "Manuel A. Roxas High School", "14.58393475": 14.58225541, "121.036764": 120.9985491, "City of Mandaluyong": "City of Manila" }, "geometry": { "type": "Point", "coordinates": [ 120.9985491, 14.58225541 ] } },
{ "type": "Feature", "properties": { "107975": 305319, "Mandaluyong Addition Hills Elementary School": "Eulogio Rodriguez Vocational High School", "14.58393475": 14.5999201, "121.036764": 121.0011017, "City of Mandaluyong": "City of Manila" }, "geometry": { "type": "Point", "coordinates": [ 121.0011017, 14.5999201 ] } },
{ "type": "Feature", "properties": { "107975": 305320, "Mandaluyong Addition Hills Elementary School": "Balingasa High School", "14.58393475": 14.64779597, "121.036764": 121.0042827, "City of Mandaluyong": "Quezon City" }, "geometry": { "type": "Point", "coordinates": [ 121.0042827, 14.64779597 ] } },
{ "type": "Feature", "properties": { "107975": 305321, "Mandaluyong Addition Hills Elementary School": "Judge Juan Luna High School", "14.58393475": 14.65058222, "121.036764": 121.0212784, "City of Mandaluyong": "Quezon City" }, "geometry": { "type": "Point", "coordinates": [ 121.0212784, 14.65058222 ] } },
{ "type": "Feature", "properties": { "107975": 305322, "Mandaluyong Addition Hills Elementary School": "Eulogio Rodriguez Jr. High School", "14.58393475": 14.6326231, "121.036764": 120.9946452, "City of Mandaluyong": "Quezon City" }, "geometry": { "type": "Point", "coordinates": [ 120.9946452, 14.6326231 ] } },
{ "type": "Feature", "properties": { "107975": 305323, "Mandaluyong Addition Hills Elementary School": "San Jose High School", "14.58393475": 14.64008892, "121.036764": 120.9939952, "City of Mandaluyong": "Quezon City" }, "geometry": { "type": "Point", "coordinates": [ 120.9939952, 14.64008892 ] } },
{ "type": "Feature", "properties": { "107975": 305324, "Mandaluyong Addition Hills Elementary School": "Sergio Osmeña, Sr. High School", "14.58393475": 14.63969882, "121.036764": 121.0070388, "City of Mandaluyong": "Quezon City" }, "geometry": { "type": "Point", "coordinates": [ 121.0070388, 14.63969882 ] } },
{ "type": "Feature", "properties": { "107975": 305325, "Mandaluyong Addition Hills Elementary School": "Masambong High School", "14.58393475": 14.64255172, "121.036764": 121.0107561, "City of Mandaluyong": "Quezon City" }, "geometry": { "type": "Point", "coordinates": [ 121.0107561, 14.64255172 ] } },
{ "type": "Feature", "properties": { "107975": 305326, "Mandaluyong Addition Hills Elementary School": "Ernesto Rondon High School", "14.58393475": 14.66466913, "121.036764": 121.0376102, "City of Mandaluyong": "Quezon City" }, "geometry": { "type": "Point", "coordinates": [ 121.0376102, 14.66466913 ] } },
{ "type": "Feature", "properties": { "107975": 305327, "Mandaluyong Addition Hills Elementary School": "San Francisco High School", "14.58393475": 14.65777228, "121.036764": 121.0280815, "City of Mandaluyong": "Quezon City" }, "geometry": { "type": "Point", "coordinates": [ 121.0280815, 14.65777228 ] } },
{ "type": "Feature", "properties": { "107975": 305328, "Mandaluyong Addition Hills Elementary School": "Pugad Lawin High School", "14.58393475": 14.6643502, "121.036764": 121.0169302, "City of Mandaluyong": "Quezon City" }, "geometry": { "type": "Point", "coordinates": [ 121.0169302, 14.6643502 ] } },
{ "type": "Feature", "properties": { "107975": 305329, "Mandaluyong Addition Hills Elementary School": "Quezon City Science High School", "14.58393475": 14.65868296, "121.036764": 121.0298508, "City of Mandaluyong": "Quezon City" }, "geometry": { "type": "Point", "coordinates": [ 121.0298508, 14.65868296 ] } },
{ "type": "Feature", "properties": { "107975": 305330, "Mandaluyong Addition Hills Elementary School": "Batasan Hills National High School", "14.58393475": 14.68924099, "121.036764": 121.0948601, "City of Mandaluyong": "Quezon City" }, "geometry": { "type": "Point", "coordinates": [ 121.0948601, 14.68924099 ] } },
{ "type": "Feature", "properties": { "107975": 305331, "Mandaluyong Addition Hills Elementary School": "Commonwealth High School", "14.58393475": 14.69897855, "121.036764": 121.081871, "City of Mandaluyong": "Quezon City" }, "geometry": { "type": "Point", "coordinates": [ 121.081871, 14.69897855 ] } },
{ "type": "Feature", "properties": { "107975": 305332, "Mandaluyong Addition Hills Elementary School": "Bagong Silangan HS", "14.58393475": 14.6961331, "121.036764": 121.1094562, "City of Mandaluyong": "Quezon City" }, "geometry": { "type": "Point", "coordinates": [ 121.1094562, 14.6961331 ] } },
{ "type": "Feature", "properties": { "107975": 305333, "Mandaluyong Addition Hills Elementary School": "Culiat High School", "14.58393475": 14.66827143, "121.036764": 121.0563753, "City of Mandaluyong": "Quezon City" }, "geometry": { "type": "Point", "coordinates": [ 121.0563753, 14.66827143 ] } },
{ "type": "Feature", "properties": { "107975": 305334, "Mandaluyong Addition Hills Elementary School": "Tandang Sora National High School", "14.58393475": 14.68181897, "121.036764": 121.032803, "City of Mandaluyong": "Quezon City" }, "geometry": { "type": "Point", "coordinates": [ 121.032803, 14.68181897 ] } },
{ "type": "Feature", "properties": { "107975": 305335, "Mandaluyong Addition Hills Elementary School": "Ismael Mathay, Sr. High School", "14.58393475": 14.67565179, "121.036764": 121.0218526, "City of Mandaluyong": "Quezon City" }, "geometry": { "type": "Point", "coordinates": [ 121.0218526, 14.67565179 ] } },
{ "type": "Feature", "properties": { "107975": 305336, "Mandaluyong Addition Hills Elementary School": "Lagro High School", "14.58393475": 14.72743359, "121.036764": 121.0668076, "City of Mandaluyong": "Quezon City" }, "geometry": { "type": "Point", "coordinates": [ 121.0668076, 14.72743359 ] } },
{ "type": "Feature", "properties": { "107975": 305337, "Mandaluyong Addition Hills Elementary School": "Justice Cecilia Muñoz-Palma High School", "14.58393475": 14.71367641, "121.036764": 121.0950692, "City of Mandaluyong": "Quezon City" }, "geometry": { "type": "Point", "coordinates": [ 121.0950692, 14.71367641 ] } },
{ "type": "Feature", "properties": { "107975": 305338, "Mandaluyong Addition Hills Elementary School": "Maligaya High School", "14.58393475": 14.74126333, "121.036764": 121.0651996, "City of Mandaluyong": "Quezon City" }, "geometry": { "type": "Point", "coordinates": [ 121.0651996, 14.74126333 ] } },
{ "type": "Feature", "properties": { "107975": 305339, "Mandaluyong Addition Hills Elementary School": "North Fairview High School", "14.58393475": 14.70943412, "121.036764": 121.0660897, "City of Mandaluyong": "Quezon City" }, "geometry": { "type": "Point", "coordinates": [ 121.0660897, 14.70943412 ] } },
{ "type": "Feature", "properties": { "107975": 305340, "Mandaluyong Addition Hills Elementary School": "Novaliches High School", "14.58393475": 14.72697642, "121.036764": 121.0326189, "City of Mandaluyong": "Quezon City" }, "geometry": { "type": "Point", "coordinates": [ 121.0326189, 14.72697642 ] } },
{ "type": "Feature", "properties": { "107975": 305341, "Mandaluyong Addition Hills Elementary School": "San Bartolome High School", "14.58393475": 14.70004007, "121.036764": 121.0307868, "City of Mandaluyong": "Quezon City" }, "geometry": { "type": "Point", "coordinates": [ 121.0307868, 14.70004007 ] } },
{ "type": "Feature", "properties": { "107975": 305342, "Mandaluyong Addition Hills Elementary School": "Santa Lucia High School", "14.58393475": 14.70462673, "121.036764": 121.0494774, "City of Mandaluyong": "Quezon City" }, "geometry": { "type": "Point", "coordinates": [ 121.0494774, 14.70462673 ] } },
{ "type": "Feature", "properties": { "107975": 305343, "Mandaluyong Addition Hills Elementary School": "New Era High School", "14.58393475": 14.66643852, "121.036764": 121.0579855, "City of Mandaluyong": "Quezon City" }, "geometry": { "type": "Point", "coordinates": [ 121.0579855, 14.66643852 ] } },
{ "type": "Feature", "properties": { "107975": 305344, "Mandaluyong Addition Hills Elementary School": "Sauyo High School", "14.58393475": 14.69137776, "121.036764": 121.0483896, "City of Mandaluyong": "Quezon City" }, "geometry": { "type": "Point", "coordinates": [ 121.0483896, 14.69137776 ] } },
{ "type": "Feature", "properties": { "107975": 305345, "Mandaluyong Addition Hills Elementary School": "Balara HS", "14.58393475": 14.65200222, "121.036764": 121.0782383, "City of Mandaluyong": "Quezon City" }, "geometry": { "type": "Point", "coordinates": [ 121.0782383, 14.65200222 ] } },
{ "type": "Feature", "properties": { "107975": 305346, "Mandaluyong Addition Hills Elementary School": "Camp General E. Aguinaldo High School", "14.58393475": 14.61250043, "121.036764": 121.0646585, "City of Mandaluyong": "Quezon City" }, "geometry": { "type": "Point", "coordinates": [ 121.0646585, 14.61250043 ] } },
{ "type": "Feature", "properties": { "107975": 305347, "Mandaluyong Addition Hills Elementary School": "Carlos P. Garcia High School", "14.58393475": 14.62983919, "121.036764": 121.0545648, "City of Mandaluyong": "Quezon City" }, "geometry": { "type": "Point", "coordinates": [ 121.0545648, 14.62983919 ] } },
{ "type": "Feature", "properties": { "107975": 305348, "Mandaluyong Addition Hills Elementary School": "Jose P. Laurel, Sr. High School", "14.58393475": 14.62223491, "121.036764": 121.0681021, "City of Mandaluyong": "Quezon City" }, "geometry": { "type": "Point", "coordinates": [ 121.0681021, 14.62223491 ] } },
{ "type": "Feature", "properties": { "107975": 305349, "Mandaluyong Addition Hills Elementary School": "Paaralang Sekondaryang Don Quintin Paredes", "14.58393475": 14.63197851, "121.036764": 121.06136, "City of Mandaluyong": "Quezon City" }, "geometry": { "type": "Point", "coordinates": [ 121.06136, 14.63197851 ] } },
{ "type": "Feature", "properties": { "107975": 305350, "Mandaluyong Addition Hills Elementary School": "Quirino High School", "14.58393475": 14.63073882, "121.036764": 121.0673101, "City of Mandaluyong": "Quezon City" }, "geometry": { "type": "Point", "coordinates": [ 121.0673101, 14.63073882 ] } },
{ "type": "Feature", "properties": { "107975": 305352, "Mandaluyong Addition Hills Elementary School": "Juan Sumulong High School", "14.58393475": 14.62179248, "121.036764": 121.0613977, "City of Mandaluyong": "Quezon City" }, "geometry": { "type": "Point", "coordinates": [ 121.0613977, 14.62179248 ] } },
{ "type": "Feature", "properties": { "107975": 305353, "Mandaluyong Addition Hills Elementary School": "Krus na Ligas High School", "14.58393475": 14.64468504, "121.036764": 121.0623685, "City of Mandaluyong": "Quezon City" }, "geometry": { "type": "Point", "coordinates": [ 121.0623685, 14.64468504 ] } },
{ "type": "Feature", "properties": { "107975": 305354, "Mandaluyong Addition Hills Elementary School": "Flora A. Ylagan High School", "14.58393475": 14.63658756, "121.036764": 121.0471194, "City of Mandaluyong": "Quezon City" }, "geometry": { "type": "Point", "coordinates": [ 121.0471194, 14.63658756 ] } },
{ "type": "Feature", "properties": { "107975": 305355, "Mandaluyong Addition Hills Elementary School": "Carlos L. Albert High School", "14.58393475": 14.61292241, "121.036764": 121.0150895, "City of Mandaluyong": "Quezon City" }, "geometry": { "type": "Point", "coordinates": [ 121.0150895, 14.61292241 ] } },
{ "type": "Feature", "properties": { "107975": 305356, "Mandaluyong Addition Hills Elementary School": "Ponciano Bernardo High School", "14.58393475": 14.61351972, "121.036764": 121.049438, "City of Mandaluyong": "Quezon City" }, "geometry": { "type": "Point", "coordinates": [ 121.049438, 14.61351972 ] } },
{ "type": "Feature", "properties": { "107975": 305357, "Mandaluyong Addition Hills Elementary School": "Camp Crame High School", "14.58393475": 14.60618332, "121.036764": 121.0517812, "City of Mandaluyong": "Quezon City" }, "geometry": { "type": "Point", "coordinates": [ 121.0517812, 14.60618332 ] } },
{ "type": "Feature", "properties": { "107975": 305358, "Mandaluyong Addition Hills Elementary School": "Ramon Magsaysay (Cubao) High School", "14.58393475": 14.6276687, "121.036764": 121.0463342, "City of Mandaluyong": "Quezon City" }, "geometry": { "type": "Point", "coordinates": [ 121.0463342, 14.6276687 ] } },
{ "type": "Feature", "properties": { "107975": 305359, "Mandaluyong Addition Hills Elementary School": "Quezon City High School", "14.58393475": 14.62975968, "121.036764": 121.037376, "City of Mandaluyong": "Quezon City" }, "geometry": { "type": "Point", "coordinates": [ 121.037376, 14.62975968 ] } },
{ "type": "Feature", "properties": { "107975": 305360, "Mandaluyong Addition Hills Elementary School": "Don Alejandro Roces, Sr. Science and Technology High School", "14.58393475": 14.6288466, "121.036764": 121.0310236, "City of Mandaluyong": "Quezon City" }, "geometry": { "type": "Point", "coordinates": [ 121.0310236, 14.6288466 ] } },
{ "type": "Feature", "properties": { "107975": 305361, "Mandaluyong Addition Hills Elementary School": "Manuel A. Roxas High School", "14.58393475": 14.62889182, "121.036764": 121.0244581, "City of Mandaluyong": "Quezon City" }, "geometry": { "type": "Point", "coordinates": [ 121.0244581, 14.62889182 ] } },
{ "type": "Feature", "properties": { "107975": 305362, "Mandaluyong Addition Hills Elementary School": "Dr. Josefa Jara Martinez High School", "14.58393475": 14.62185653, "121.036764": 121.013087, "City of Mandaluyong": "Quezon City" }, "geometry": { "type": "Point", "coordinates": [ 121.013087, 14.62185653 ] } },
{ "type": "Feature", "properties": { "107975": 305363, "Mandaluyong Addition Hills Elementary School": "Pasay City North High School - Main, M. Dela Cruz Campus", "14.58393475": 14.5483396, "121.036764": 121.0074776, "City of Mandaluyong": "Pasay City" }, "geometry": { "type": "Point", "coordinates": [ 121.0074776, 14.5483396 ] } },
{ "type": "Feature", "properties": { "107975": 305364, "Mandaluyong Addition Hills Elementary School": "Pasay City North High School – Tramo Campus – Annex", "14.58393475": 14.55213703, "121.036764": 121.0012538, "City of Mandaluyong": "Pasay City" }, "geometry": { "type": "Point", "coordinates": [ 121.0012538, 14.55213703 ] } },
{ "type": "Feature", "properties": { "107975": 305367, "Mandaluyong Addition Hills Elementary School": "Pasay City East High School", "14.58393475": 14.53668132, "121.036764": 121.0082207, "City of Mandaluyong": "Pasay City" }, "geometry": { "type": "Point", "coordinates": [ 121.0082207, 14.53668132 ] } },
{ "type": "Feature", "properties": { "107975": 305368, "Mandaluyong Addition Hills Elementary School": "Pasay City West High School", "14.58393475": 14.54402285, "121.036764": 120.9958978, "City of Mandaluyong": "Pasay City" }, "geometry": { "type": "Point", "coordinates": [ 120.9958978, 14.54402285 ] } },
{ "type": "Feature", "properties": { "107975": 305369, "Mandaluyong Addition Hills Elementary School": "Pasay City Science High School", "14.58393475": 14.53967287, "121.036764": 121.0023908, "City of Mandaluyong": "Pasay City" }, "geometry": { "type": "Point", "coordinates": [ 121.0023908, 14.53967287 ] } },
{ "type": "Feature", "properties": { "107975": 305370, "Mandaluyong Addition Hills Elementary School": "Pasay City South High School", "14.58393475": 14.52838437, "121.036764": 121.0227405, "City of Mandaluyong": "Pasay City" }, "geometry": { "type": "Point", "coordinates": [ 121.0227405, 14.52838437 ] } },
{ "type": "Feature", "properties": { "107975": 305371, "Mandaluyong Addition Hills Elementary School": "Talipapa High School", "14.58393475": 14.6900723, "121.036764": 121.0165886, "City of Mandaluyong": "City of Caloocan" }, "geometry": { "type": "Point", "coordinates": [ 121.0165886, 14.6900723 ] } },
{ "type": "Feature", "properties": { "107975": 305372, "Mandaluyong Addition Hills Elementary School": "Bagumbong High School", "14.58393475": 14.7475763, "121.036764": 121.0274179, "City of Mandaluyong": "City of Caloocan" }, "geometry": { "type": "Point", "coordinates": [ 121.0274179, 14.7475763 ] } },
{ "type": "Feature", "properties": { "107975": 305373, "Mandaluyong Addition Hills Elementary School": "Sampaguita High School", "14.58393475": 14.76943762, "121.036764": 121.0308819, "City of Mandaluyong": "City of Caloocan" }, "geometry": { "type": "Point", "coordinates": [ 121.0308819, 14.76943762 ] } },
{ "type": "Feature", "properties": { "107975": 305374, "Mandaluyong Addition Hills Elementary School": "Camarin High School", "14.58393475": 14.76206778, "121.036764": 121.0492439, "City of Mandaluyong": "City of Caloocan" }, "geometry": { "type": "Point", "coordinates": [ 121.0492439, 14.76206778 ] } },
{ "type": "Feature", "properties": { "107975": 305375, "Mandaluyong Addition Hills Elementary School": "Cielito Zamora Senior High School", "14.58393475": 14.74901243, "121.036764": 121.0491719, "City of Mandaluyong": "City of Caloocan" }, "geometry": { "type": "Point", "coordinates": [ 121.0491719, 14.74901243 ] } },
{ "type": "Feature", "properties": { "107975": 305376, "Mandaluyong Addition Hills Elementary School": "Amparo High School", "14.58393475": 14.75243117, "121.036764": 121.072262, "City of Mandaluyong": "City of Caloocan" }, "geometry": { "type": "Point", "coordinates": [ 121.072262, 14.75243117 ] } },
{ "type": "Feature", "properties": { "107975": 305377, "Mandaluyong Addition Hills Elementary School": "Pangarap High School", "14.58393475": 14.76410946, "121.036764": 121.0913827, "City of Mandaluyong": "City of Caloocan" }, "geometry": { "type": "Point", "coordinates": [ 121.0913827, 14.76410946 ] } },
{ "type": "Feature", "properties": { "107975": 305378, "Mandaluyong Addition Hills Elementary School": "NHC High School", "14.58393475": 14.77274547, "121.036764": 121.0697631, "City of Mandaluyong": "City of Caloocan" }, "geometry": { "type": "Point", "coordinates": [ 121.0697631, 14.77274547 ] } },
{ "type": "Feature", "properties": { "107975": 305379, "Mandaluyong Addition Hills Elementary School": "Manuel L. Quezon High School", "14.58393475": 14.76936204, "121.036764": 121.0767938, "City of Mandaluyong": "City of Caloocan" }, "geometry": { "type": "Point", "coordinates": [ 121.0767938, 14.76936204 ] } },
{ "type": "Feature", "properties": { "107975": 305380, "Mandaluyong Addition Hills Elementary School": "Tala High School", "14.58393475": 14.77141793, "121.036764": 121.0588576, "City of Mandaluyong": "City of Caloocan" }, "geometry": { "type": "Point", "coordinates": [ 121.0588576, 14.77141793 ] } },
{ "type": "Feature", "properties": { "107975": 305381, "Mandaluyong Addition Hills Elementary School": "Bagong Silang High School", "14.58393475": 14.77091073, "121.036764": 121.0488714, "City of Mandaluyong": "City of Caloocan" }, "geometry": { "type": "Point", "coordinates": [ 121.0488714, 14.77091073 ] } },
{ "type": "Feature", "properties": { "107975": 305382, "Mandaluyong Addition Hills Elementary School": "Kalayaan National High School", "14.58393475": 14.78069601, "121.036764": 121.0320239, "City of Mandaluyong": "City of Caloocan" }, "geometry": { "type": "Point", "coordinates": [ 121.0320239, 14.78069601 ] } },
{ "type": "Feature", "properties": { "107975": 305383, "Mandaluyong Addition Hills Elementary School": "Bagong Barrio National High School", "14.58393475": 14.66444152, "121.036764": 120.992606, "City of Mandaluyong": "City of Caloocan" }, "geometry": { "type": "Point", "coordinates": [ 120.992606, 14.66444152 ] } },
{ "type": "Feature", "properties": { "107975": 305384, "Mandaluyong Addition Hills Elementary School": "Baesa High School", "14.58393475": 14.67415622, "121.036764": 121.0011588, "City of Mandaluyong": "City of Caloocan" }, "geometry": { "type": "Point", "coordinates": [ 121.0011588, 14.67415622 ] } },
{ "type": "Feature", "properties": { "107975": 305385, "Mandaluyong Addition Hills Elementary School": "Caybiga HS", "14.58393475": 14.72452566, "121.036764": 121.0050291, "City of Mandaluyong": "City of Caloocan" }, "geometry": { "type": "Point", "coordinates": [ 121.0050291, 14.72452566 ] } },
{ "type": "Feature", "properties": { "107975": 305386, "Mandaluyong Addition Hills Elementary School": "Deparo High School", "14.58393475": 14.73977426, "121.036764": 121.0114216, "City of Mandaluyong": "City of Caloocan" }, "geometry": { "type": "Point", "coordinates": [ 121.0114216, 14.73977426 ] } },
{ "type": "Feature", "properties": { "107975": 305387, "Mandaluyong Addition Hills Elementary School": "Llano High School", "14.58393475": 14.73022766, "121.036764": 121.0095231, "City of Mandaluyong": "City of Caloocan" }, "geometry": { "type": "Point", "coordinates": [ 121.0095231, 14.73022766 ] } },
{ "type": "Feature", "properties": { "107975": 305388, "Mandaluyong Addition Hills Elementary School": "Caloocan High School", "14.58393475": 14.65086778, "121.036764": 120.9815355, "City of Mandaluyong": "City of Caloocan" }, "geometry": { "type": "Point", "coordinates": [ 120.9815355, 14.65086778 ] } },
{ "type": "Feature", "properties": { "107975": 305389, "Mandaluyong Addition Hills Elementary School": "Caloocan City Science High School", "14.58393475": 14.65118652, "121.036764": 120.980691, "City of Mandaluyong": "City of Caloocan" }, "geometry": { "type": "Point", "coordinates": [ 120.980691, 14.65118652 ] } },
{ "type": "Feature", "properties": { "107975": 305390, "Mandaluyong Addition Hills Elementary School": "Maria Clara High School", "14.58393475": 14.6483934, "121.036764": 120.9855227, "City of Mandaluyong": "City of Caloocan" }, "geometry": { "type": "Point", "coordinates": [ 120.9855227, 14.6483934 ] } },
{ "type": "Feature", "properties": { "107975": 305391, "Mandaluyong Addition Hills Elementary School": "M.B. Asistio, Sr. High School", "14.58393475": 14.64869597, "121.036764": 120.963154, "City of Mandaluyong": "City of Caloocan" }, "geometry": { "type": "Point", "coordinates": [ 120.963154, 14.64869597 ] } },
{ "type": "Feature", "properties": { "107975": 305392, "Mandaluyong Addition Hills Elementary School": "M.B. Asistio, Sr. High School Unit 1", "14.58393475": 14.65031634, "121.036764": 120.9656454, "City of Mandaluyong": "City of Caloocan" }, "geometry": { "type": "Point", "coordinates": [ 120.9656454, 14.65031634 ] } },
{ "type": "Feature", "properties": { "107975": 305393, "Mandaluyong Addition Hills Elementary School": "Mandaluyong High School", "14.58393475": 14.58679396, "121.036764": 121.0245971, "City of Mandaluyong": "City of Mandaluyong" }, "geometry": { "type": "Point", "coordinates": [ 121.0245971, 14.58679396 ] } },
{ "type": "Feature", "properties": { "107975": 305394, "Mandaluyong Addition Hills Elementary School": "Mataas na Paaralang Neptali A. Gonzales", "14.58393475": 14.58335024, "121.036764": 121.0441739, "City of Mandaluyong": "City of Mandaluyong" }, "geometry": { "type": "Point", "coordinates": [ 121.0441739, 14.58335024 ] } },
{ "type": "Feature", "properties": { "107975": 305395, "Mandaluyong Addition Hills Elementary School": "City of Mandaluyong Science High School", "14.58393475": 14.56883013, "121.036764": 121.0353684, "City of Mandaluyong": "City of Mandaluyong" }, "geometry": { "type": "Point", "coordinates": [ 121.0353684, 14.56883013 ] } },
{ "type": "Feature", "properties": { "107975": 305396, "Mandaluyong Addition Hills Elementary School": "Bonifacio Javier National High School", "14.58393475": 14.57033621, "121.036764": 121.036224, "City of Mandaluyong": "City of Mandaluyong" }, "geometry": { "type": "Point", "coordinates": [ 121.036224, 14.57033621 ] } },
{ "type": "Feature", "properties": { "107975": 305398, "Mandaluyong Addition Hills Elementary School": "Marikina High School", "14.58393475": 14.64700166, "121.036764": 121.1034818, "City of Mandaluyong": "City of Marikina" }, "geometry": { "type": "Point", "coordinates": [ 121.1034818, 14.64700166 ] } },
{ "type": "Feature", "properties": { "107975": 305399, "Mandaluyong Addition Hills Elementary School": "Tañong High School", "14.58393475": 14.63420575, "121.036764": 121.0853084, "City of Mandaluyong": "City of Marikina" }, "geometry": { "type": "Point", "coordinates": [ 121.0853084, 14.63420575 ] } },
{ "type": "Feature", "properties": { "107975": 305400, "Mandaluyong Addition Hills Elementary School": "Marikina Heights National High School", "14.58393475": 14.64810734, "121.036764": 121.1196615, "City of Mandaluyong": "City of Marikina" }, "geometry": { "type": "Point", "coordinates": [ 121.1196615, 14.64810734 ] } },
{ "type": "Feature", "properties": { "107975": 305401, "Mandaluyong Addition Hills Elementary School": "Marikina Science High School", "14.58393475": 14.63172403, "121.036764": 121.0993648, "City of Mandaluyong": "City of Marikina" }, "geometry": { "type": "Point", "coordinates": [ 121.0993648, 14.63172403 ] } },
{ "type": "Feature", "properties": { "107975": 305402, "Mandaluyong Addition Hills Elementary School": "Malanday National High School", "14.58393475": 14.64685058, "121.036764": 121.0903472, "City of Mandaluyong": "City of Marikina" }, "geometry": { "type": "Point", "coordinates": [ 121.0903472, 14.64685058 ] } },
{ "type": "Feature", "properties": { "107975": 305404, "Mandaluyong Addition Hills Elementary School": "Parang High School", "14.58393475": 14.66357544, "121.036764": 121.1122427, "City of Mandaluyong": "City of Marikina" }, "geometry": { "type": "Point", "coordinates": [ 121.1122427, 14.66357544 ] } },
{ "type": "Feature", "properties": { "107975": 305405, "Mandaluyong Addition Hills Elementary School": "Santa Elena High School", "14.58393475": 14.63234725, "121.036764": 121.0973369, "City of Mandaluyong": "City of Marikina" }, "geometry": { "type": "Point", "coordinates": [ 121.0973369, 14.63234725 ] } },
{ "type": "Feature", "properties": { "107975": 305406, "Mandaluyong Addition Hills Elementary School": "Makati High School", "14.58393475": 14.5641754, "121.036764": 121.0332806, "City of Mandaluyong": "City of Makati" }, "geometry": { "type": "Point", "coordinates": [ 121.0332806, 14.5641754 ] } },
{ "type": "Feature", "properties": { "107975": 305407, "Mandaluyong Addition Hills Elementary School": "San Isidro National High School", "14.58393475": 14.55545832, "121.036764": 121.0067264, "City of Mandaluyong": "City of Makati" }, "geometry": { "type": "Point", "coordinates": [ 121.0067264, 14.55545832 ] } },
{ "type": "Feature", "properties": { "107975": 305408, "Mandaluyong Addition Hills Elementary School": "San Antonio National High School", "14.58393475": 14.5611145, "121.036764": 121.0062517, "City of Mandaluyong": "City of Makati" }, "geometry": { "type": "Point", "coordinates": [ 121.0062517, 14.5611145 ] } },
{ "type": "Feature", "properties": { "107975": 305409, "Mandaluyong Addition Hills Elementary School": "Gen. Pio del Pilar NHS", "14.58393475": 14.56518, "121.036764": 121.03401, "City of Mandaluyong": "City of Makati" }, "geometry": { "type": "Point", "coordinates": [ 121.03401, 14.56518 ] } },
{ "type": "Feature", "properties": { "107975": 305410, "Mandaluyong Addition Hills Elementary School": "Makati West HS (Makati Science HS)", "14.58393475": 14.5627853, "121.036764": 121.0524097, "City of Mandaluyong": "City of Taguig" }, "geometry": { "type": "Point", "coordinates": [ 121.0524097, 14.5627853 ] } },
{ "type": "Feature", "properties": { "107975": 305411, "Mandaluyong Addition Hills Elementary School": "Fort Bonifacio High School", "14.58393475": 14.56295604, "121.036764": 121.0574265, "City of Mandaluyong": "City of Taguig" }, "geometry": { "type": "Point", "coordinates": [ 121.0574265, 14.56295604 ] } },
{ "type": "Feature", "properties": { "107975": 305412, "Mandaluyong Addition Hills Elementary School": "Benigno \"Ninoy\" S. Aquino High School", "14.58393475": 14.5498128, "121.036764": 121.0650331, "City of Mandaluyong": "City of Taguig" }, "geometry": { "type": "Point", "coordinates": [ 121.0650331, 14.5498128 ] } },
{ "type": "Feature", "properties": { "107975": 305413, "Mandaluyong Addition Hills Elementary School": "Rizal High School", "14.58393475": 14.56820862, "121.036764": 121.0754508, "City of Mandaluyong": "City of Pasig" }, "geometry": { "type": "Point", "coordinates": [ 121.0754508, 14.56820862 ] } },
{ "type": "Feature", "properties": { "107975": 305414, "Mandaluyong Addition Hills Elementary School": "Sagad High School", "14.58393475": 14.56657638, "121.036764": 121.0797139, "City of Mandaluyong": "City of Pasig" }, "geometry": { "type": "Point", "coordinates": [ 121.0797139, 14.56657638 ] } },
{ "type": "Feature", "properties": { "107975": 305415, "Mandaluyong Addition Hills Elementary School": "Kapitolyo High School", "14.58393475": 14.56791867, "121.036764": 121.0633065, "City of Mandaluyong": "City of Pasig" }, "geometry": { "type": "Point", "coordinates": [ 121.0633065, 14.56791867 ] } },
{ "type": "Feature", "properties": { "107975": 305416, "Mandaluyong Addition Hills Elementary School": "Eusebio High School", "14.58393475": 14.58894698, "121.036764": 121.0884748, "City of Mandaluyong": "City of Pasig" }, "geometry": { "type": "Point", "coordinates": [ 121.0884748, 14.58894698 ] } },
{ "type": "Feature", "properties": { "107975": 305417, "Mandaluyong Addition Hills Elementary School": "Pinagbuhatan High School", "14.58393475": 14.55438145, "121.036764": 121.0915571, "City of Mandaluyong": "City of Pasig" }, "geometry": { "type": "Point", "coordinates": [ 121.0915571, 14.55438145 ] } },
{ "type": "Feature", "properties": { "107975": 305418, "Mandaluyong Addition Hills Elementary School": "Manggahan High School", "14.58393475": 14.60445903, "121.036764": 121.1031567, "City of Mandaluyong": "City of Pasig" }, "geometry": { "type": "Point", "coordinates": [ 121.1031567, 14.60445903 ] } },
{ "type": "Feature", "properties": { "107975": 305419, "Mandaluyong Addition Hills Elementary School": "Santolan High School", "14.58393475": 14.61568524, "121.036764": 121.0834045, "City of Mandaluyong": "City of Pasig" }, "geometry": { "type": "Point", "coordinates": [ 121.0834045, 14.61568524 ] } },
{ "type": "Feature", "properties": { "107975": 305420, "Mandaluyong Addition Hills Elementary School": "Santa Lucia High School", "14.58393475": 14.5829449, "121.036764": 121.1030823, "City of Mandaluyong": "City of Pasig" }, "geometry": { "type": "Point", "coordinates": [ 121.1030823, 14.5829449 ] } },
{ "type": "Feature", "properties": { "107975": 305421, "Mandaluyong Addition Hills Elementary School": "San Joaquin-Kalawaan High School", "14.58393475": 14.55140114, "121.036764": 121.0764158, "City of Mandaluyong": "City of Pasig" }, "geometry": { "type": "Point", "coordinates": [ 121.0764158, 14.55140114 ] } },
{ "type": "Feature", "properties": { "107975": 305422, "Mandaluyong Addition Hills Elementary School": "Rizal Experimental Station and Pilot School of Cottage Industries", "14.58393475": 14.57774069, "121.036764": 121.0945518, "City of Mandaluyong": "City of Pasig" }, "geometry": { "type": "Point", "coordinates": [ 121.0945518, 14.57774069 ] } },
{ "type": "Feature", "properties": { "107975": 305423, "Mandaluyong Addition Hills Elementary School": "San Juan National High School", "14.58393475": 14.6059326, "121.036764": 121.0291929, "City of Mandaluyong": "City of San Juan" }, "geometry": { "type": "Point", "coordinates": [ 121.0291929, 14.6059326 ] } },
{ "type": "Feature", "properties": { "107975": 305424, "Mandaluyong Addition Hills Elementary School": "Parañaque National High School", "14.58393475": 14.47964584, "121.036764": 120.9987986, "City of Mandaluyong": "City of Parañaque" }, "geometry": { "type": "Point", "coordinates": [ 120.9987986, 14.47964584 ] } },
{ "type": "Feature", "properties": { "107975": 305425, "Mandaluyong Addition Hills Elementary School": "La Huerta National High School", "14.58393475": 14.50115222, "121.036764": 120.9922843, "City of Mandaluyong": "City of Parañaque" }, "geometry": { "type": "Point", "coordinates": [ 120.9922843, 14.50115222 ] } },
{ "type": "Feature", "properties": { "107975": 305426, "Mandaluyong Addition Hills Elementary School": "Parañaque National High School – Baclaran", "14.58393475": 14.53045825, "121.036764": 120.9988291, "City of Mandaluyong": "City of Parañaque" }, "geometry": { "type": "Point", "coordinates": [ 120.9988291, 14.53045825 ] } },
{ "type": "Feature", "properties": { "107975": 305427, "Mandaluyong Addition Hills Elementary School": "Parañaque National High School – Don Galo Annex", "14.58393475": 14.50703664, "121.036764": 120.9937052, "City of Mandaluyong": "City of Parañaque" }, "geometry": { "type": "Point", "coordinates": [ 120.9937052, 14.50703664 ] } },
{ "type": "Feature", "properties": { "107975": 305428, "Mandaluyong Addition Hills Elementary School": "Dr. Arcadio Santos National High School", "14.58393475": 14.49473223, "121.036764": 121.0430008, "City of Mandaluyong": "City of Parañaque" }, "geometry": { "type": "Point", "coordinates": [ 121.0430008, 14.49473223 ] } },
{ "type": "Feature", "properties": { "107975": 305429, "Mandaluyong Addition Hills Elementary School": "Masville National High School", "14.58393475": 14.45182394, "121.036764": 121.0404972, "City of Mandaluyong": "City of Parañaque" }, "geometry": { "type": "Point", "coordinates": [ 121.0404972, 14.45182394 ] } },
{ "type": "Feature", "properties": { "107975": 305430, "Mandaluyong Addition Hills Elementary School": "Las Piñas National HIgh School", "14.58393475": 14.48236663, "121.036764": 120.9813368, "City of Mandaluyong": "City of Las Piñas" }, "geometry": { "type": "Point", "coordinates": [ 120.9813368, 14.48236663 ] } },
{ "type": "Feature", "properties": { "107975": 305431, "Mandaluyong Addition Hills Elementary School": "Captain Albert Aguilar National High School", "14.58393475": 14.45651373, "121.036764": 120.99475, "City of Mandaluyong": "City of Las Piñas" }, "geometry": { "type": "Point", "coordinates": [ 120.99475, 14.45651373 ] } },
{ "type": "Feature", "properties": { "107975": 305432, "Mandaluyong Addition Hills Elementary School": "Golden Acres National High School", "14.58393475": 14.41781812, "121.036764": 120.9975735, "City of Mandaluyong": "City of Las Piñas" }, "geometry": { "type": "Point", "coordinates": [ 120.9975735, 14.41781812 ] } },
{ "type": "Feature", "properties": { "107975": 305433, "Mandaluyong Addition Hills Elementary School": "Las Piñas North National High School", "14.58393475": 14.46021557, "121.036764": 120.9803731, "City of Mandaluyong": "City of Las Piñas" }, "geometry": { "type": "Point", "coordinates": [ 120.9803731, 14.46021557 ] } },
{ "type": "Feature", "properties": { "107975": 305434, "Mandaluyong Addition Hills Elementary School": "Las Piñas East National High School", "14.58393475": 14.45434735, "121.036764": 120.9803586, "City of Mandaluyong": "City of Las Piñas" }, "geometry": { "type": "Point", "coordinates": [ 120.9803586, 14.45434735 ] } },
{ "type": "Feature", "properties": { "107975": 305435, "Mandaluyong Addition Hills Elementary School": "Las Piñas East National High School – Talon Village Annex", "14.58393475": 14.43538817, "121.036764": 121.0038305, "City of Mandaluyong": "City of Las Piñas" }, "geometry": { "type": "Point", "coordinates": [ 121.0038305, 14.43538817 ] } },
{ "type": "Feature", "properties": { "107975": 305436, "Mandaluyong Addition Hills Elementary School": "Polo National High School", "14.58393475": 14.70693942, "121.036764": 120.9460187, "City of Mandaluyong": "City of Valenzuela" }, "geometry": { "type": "Point", "coordinates": [ 120.9460187, 14.70693942 ] } },
{ "type": "Feature", "properties": { "107975": 305437, "Mandaluyong Addition Hills Elementary School": "Dalandanan National High School", "14.58393475": 14.70897081, "121.036764": 120.95703, "City of Mandaluyong": "City of Valenzuela" }, "geometry": { "type": "Point", "coordinates": [ 120.95703, 14.70897081 ] } },
{ "type": "Feature", "properties": { "107975": 305438, "Mandaluyong Addition Hills Elementary School": "Malinta National High School", "14.58393475": 14.68859009, "121.036764": 120.9646966, "City of Mandaluyong": "City of Valenzuela" }, "geometry": { "type": "Point", "coordinates": [ 120.9646966, 14.68859009 ] } },
{ "type": "Feature", "properties": { "107975": 305439, "Mandaluyong Addition Hills Elementary School": "Canumay West National High School", "14.58393475": 14.71145678, "121.036764": 120.9893367, "City of Mandaluyong": "City of Valenzuela" }, "geometry": { "type": "Point", "coordinates": [ 120.9893367, 14.71145678 ] } },
{ "type": "Feature", "properties": { "107975": 305440, "Mandaluyong Addition Hills Elementary School": "Lawang Bato National High School", "14.58393475": 14.7326964, "121.036764": 120.9909815, "City of Mandaluyong": "City of Valenzuela" }, "geometry": { "type": "Point", "coordinates": [ 120.9909815, 14.7326964 ] } },
{ "type": "Feature", "properties": { "107975": 305441, "Mandaluyong Addition Hills Elementary School": "Valenzuela National High School", "14.58393475": 14.67265284, "121.036764": 120.9849818, "City of Mandaluyong": "City of Valenzuela" }, "geometry": { "type": "Point", "coordinates": [ 120.9849818, 14.67265284 ] } },
{ "type": "Feature", "properties": { "107975": 305442, "Mandaluyong Addition Hills Elementary School": "Parada National High School", "14.58393475": 14.69524574, "121.036764": 120.9902359, "City of Mandaluyong": "City of Valenzuela" }, "geometry": { "type": "Point", "coordinates": [ 120.9902359, 14.69524574 ] } },
{ "type": "Feature", "properties": { "107975": 305443, "Mandaluyong Addition Hills Elementary School": "General T. de Leon National High School", "14.58393475": 14.68721477, "121.036764": 120.9997228, "City of Mandaluyong": "City of Valenzuela" }, "geometry": { "type": "Point", "coordinates": [ 120.9997228, 14.68721477 ] } },
{ "type": "Feature", "properties": { "107975": 305444, "Mandaluyong Addition Hills Elementary School": "Maysan National High School", "14.58393475": 14.69948639, "121.036764": 120.980081, "City of Mandaluyong": "City of Valenzuela" }, "geometry": { "type": "Point", "coordinates": [ 120.980081, 14.69948639 ] } },
{ "type": "Feature", "properties": { "107975": 305445, "Mandaluyong Addition Hills Elementary School": "Caruhatan National High School", "14.58393475": 14.6810966, "121.036764": 120.9739873, "City of Mandaluyong": "City of Valenzuela" }, "geometry": { "type": "Point", "coordinates": [ 120.9739873, 14.6810966 ] } },
{ "type": "Feature", "properties": { "107975": 305446, "Mandaluyong Addition Hills Elementary School": "Sitero Francisco Memorial National High School", "14.58393475": 14.69006075, "121.036764": 121.0090701, "City of Mandaluyong": "City of Valenzuela" }, "geometry": { "type": "Point", "coordinates": [ 121.0090701, 14.69006075 ] } },
{ "type": "Feature", "properties": { "107975": 305447, "Mandaluyong Addition Hills Elementary School": "Malabon National High School", "14.58393475": 14.67740644, "121.036764": 120.9417527, "City of Mandaluyong": "City of Malabon" }, "geometry": { "type": "Point", "coordinates": [ 120.9417527, 14.67740644 ] } },
{ "type": "Feature", "properties": { "107975": 305448, "Mandaluyong Addition Hills Elementary School": "Tañong National High School", "14.58393475": 14.6533585, "121.036764": 120.9523732, "City of Mandaluyong": "City of Malabon" }, "geometry": { "type": "Point", "coordinates": [ 120.9523732, 14.6533585 ] } },
{ "type": "Feature", "properties": { "107975": 305449, "Mandaluyong Addition Hills Elementary School": "Potrero National High School", "14.58393475": 14.66478657, "121.036764": 120.9784239, "City of Mandaluyong": "City of Malabon" }, "geometry": { "type": "Point", "coordinates": [ 120.9784239, 14.66478657 ] } },
{ "type": "Feature", "properties": { "107975": 305450, "Mandaluyong Addition Hills Elementary School": "Panghulo National High School", "14.58393475": 14.68729587, "121.036764": 120.9541184, "City of Mandaluyong": "City of Malabon" }, "geometry": { "type": "Point", "coordinates": [ 120.9541184, 14.68729587 ] } },
{ "type": "Feature", "properties": { "107975": 305451, "Mandaluyong Addition Hills Elementary School": "Tugatog National High School", "14.58393475": 14.6601054, "121.036764": 120.9667327, "City of Mandaluyong": "City of Malabon" }, "geometry": { "type": "Point", "coordinates": [ 120.9667327, 14.6601054 ] } },
{ "type": "Feature", "properties": { "107975": 305452, "Mandaluyong Addition Hills Elementary School": "Tinajeros National High School", "14.58393475": 14.67197174, "121.036764": 120.9697943, "City of Mandaluyong": "City of Malabon" }, "geometry": { "type": "Point", "coordinates": [ 120.9697943, 14.67197174 ] } },
{ "type": "Feature", "properties": { "107975": 305453, "Mandaluyong Addition Hills Elementary School": "Navotas National High School", "14.58393475": 14.6579744, "121.036764": 120.9483458, "City of Mandaluyong": "City of Navotas" }, "geometry": { "type": "Point", "coordinates": [ 120.9483458, 14.6579744 ] } },
{ "type": "Feature", "properties": { "107975": 305454, "Mandaluyong Addition Hills Elementary School": "San Rafael Technological High School", "14.58393475": 14.6368949, "121.036764": 120.9649849, "City of Mandaluyong": "City of Navotas" }, "geometry": { "type": "Point", "coordinates": [ 120.9649849, 14.6368949 ] } },
{ "type": "Feature", "properties": { "107975": 305455, "Mandaluyong Addition Hills Elementary School": "Tanza National High School", "14.58393475": 14.68019478, "121.036764": 120.9352056, "City of Mandaluyong": "City of Navotas" }, "geometry": { "type": "Point", "coordinates": [ 120.9352056, 14.68019478 ] } },
{ "type": "Feature", "properties": { "107975": 305456, "Mandaluyong Addition Hills Elementary School": "Kaunlaran High School", "14.58393475": 14.64532433, "121.036764": 120.9575544, "City of Mandaluyong": "City of Navotas" }, "geometry": { "type": "Point", "coordinates": [ 120.9575544, 14.64532433 ] } },
{ "type": "Feature", "properties": { "107975": 305457, "Mandaluyong Addition Hills Elementary School": "Tangos National High School", "14.58393475": 14.67472271, "121.036764": 120.9319323, "City of Mandaluyong": "City of Navotas" }, "geometry": { "type": "Point", "coordinates": [ 120.9319323, 14.67472271 ] } },
{ "type": "Feature", "properties": { "107975": 305458, "Mandaluyong Addition Hills Elementary School": "San Roque National High School", "14.58393475": 14.66974746, "121.036764": 120.9383575, "City of Mandaluyong": "City of Navotas" }, "geometry": { "type": "Point", "coordinates": [ 120.9383575, 14.66974746 ] } },
{ "type": "Feature", "properties": { "107975": 305459, "Mandaluyong Addition Hills Elementary School": "Bagumbayan National High School", "14.58393475": 14.4742799, "121.036764": 121.056905, "City of Mandaluyong": "City of Taguig" }, "geometry": { "type": "Point", "coordinates": [ 121.056905, 14.4742799 ] } },
{ "type": "Feature", "properties": { "107975": 305460, "Mandaluyong Addition Hills Elementary School": "Taguig National High School", "14.58393475": 14.49917791, "121.036764": 121.0602556, "City of Mandaluyong": "City of Taguig" }, "geometry": { "type": "Point", "coordinates": [ 121.0602556, 14.49917791 ] } },
{ "type": "Feature", "properties": { "107975": 305461, "Mandaluyong Addition Hills Elementary School": "Gen. Ricardo G. Papa, Sr. Memorial HS - Main", "14.58393475": 14.52844684, "121.036764": 121.069638, "City of Mandaluyong": "City of Taguig" }, "geometry": { "type": "Point", "coordinates": [ 121.069638, 14.52844684 ] } },
{ "type": "Feature", "properties": { "107975": 305462, "Mandaluyong Addition Hills Elementary School": "General Ricardo G. Papa, Sr. Memorial High School", "14.58393475": 14.53437661, "121.036764": 121.0678864, "City of Mandaluyong": "City of Taguig" }, "geometry": { "type": "Point", "coordinates": [ 121.0678864, 14.53437661 ] } },
{ "type": "Feature", "properties": { "107975": 305463, "Mandaluyong Addition Hills Elementary School": "Signal Village National High School", "14.58393475": 14.51189998, "121.036764": 121.0582872, "City of Mandaluyong": "City of Taguig" }, "geometry": { "type": "Point", "coordinates": [ 121.0582872, 14.51189998 ] } },
{ "type": "Feature", "properties": { "107975": 305464, "Mandaluyong Addition Hills Elementary School": "Tipas National High School", "14.58393475": 14.53945252, "121.036764": 121.0789676, "City of Mandaluyong": "City of Taguig" }, "geometry": { "type": "Point", "coordinates": [ 121.0789676, 14.53945252 ] } },
{ "type": "Feature", "properties": { "107975": 305465, "Mandaluyong Addition Hills Elementary School": "Western Bicutan National High School", "14.58393475": 14.51661833, "121.036764": 121.0505531, "City of Mandaluyong": "City of Taguig" }, "geometry": { "type": "Point", "coordinates": [ 121.0505531, 14.51661833 ] } },
{ "type": "Feature", "properties": { "107975": 305466, "Mandaluyong Addition Hills Elementary School": "Pateros National High School", "14.58393475": 14.54738372, "121.036764": 121.0660681, "City of Mandaluyong": "Pateros" }, "geometry": { "type": "Point", "coordinates": [ 121.0660681, 14.54738372 ] } },
{ "type": "Feature", "properties": { "107975": 305467, "Mandaluyong Addition Hills Elementary School": "Maria Concepcion Cruz High School", "14.58393475": 14.54204116, "121.036764": 121.0689329, "City of Mandaluyong": "Pateros" }, "geometry": { "type": "Point", "coordinates": [ 121.0689329, 14.54204116 ] } },
{ "type": "Feature", "properties": { "107975": 305468, "Mandaluyong Addition Hills Elementary School": "Muntinlupa National High School", "14.58393475": 14.3885784, "121.036764": 121.0277518, "City of Mandaluyong": "City of Muntinlupa" }, "geometry": { "type": "Point", "coordinates": [ 121.0277518, 14.3885784 ] } },
{ "type": "Feature", "properties": { "107975": 305469, "Mandaluyong Addition Hills Elementary School": "Muntinlupa Science High School", "14.58393475": 14.3840526, "121.036764": 121.051744, "City of Mandaluyong": "City of Muntinlupa" }, "geometry": { "type": "Point", "coordinates": [ 121.051744, 14.3840526 ] } },
{ "type": "Feature", "properties": { "107975": 305470, "Mandaluyong Addition Hills Elementary School": "Pedro E. Diaz High School", "14.58393475": 14.41129552, "121.036764": 121.0442899, "City of Mandaluyong": "City of Muntinlupa" }, "geometry": { "type": "Point", "coordinates": [ 121.0442899, 14.41129552 ] } },
{ "type": "Feature", "properties": { "107975": 305471, "Mandaluyong Addition Hills Elementary School": "Muntinlupa Business HS - Main", "14.58393475": 14.44158506, "121.036764": 121.0498805, "City of Mandaluyong": "City of Muntinlupa" }, "geometry": { "type": "Point", "coordinates": [ 121.0498805, 14.44158506 ] } },
{ "type": "Feature", "properties": { "107975": 305488, "Mandaluyong Addition Hills Elementary School": "Malabon City National Science and Mathematics High School", "14.58393475": 14.6776833, "121.036764": 120.9418825, "City of Mandaluyong": "City of Malabon" }, "geometry": { "type": "Point", "coordinates": [ 120.9418825, 14.6776833 ] } },
{ "type": "Feature", "properties": { "107975": 305565, "Mandaluyong Addition Hills Elementary School": "Punturin Senior High School", "14.58393475": 14.74121, "121.036764": 120.98961, "City of Mandaluyong": "City of Valenzuela" }, "geometry": { "type": "Point", "coordinates": [ 120.98961, 14.74121 ] } },
{ "type": "Feature", "properties": { "107975": 305566, "Mandaluyong Addition Hills Elementary School": "Justice Eliezer R. De Los Santos High School", "14.58393475": 14.6886428, "121.036764": 121.0061344, "City of Mandaluyong": "City of Valenzuela" }, "geometry": { "type": "Point", "coordinates": [ 121.0061344, 14.6886428 ] } },
{ "type": "Feature", "properties": { "107975": 305567, "Mandaluyong Addition Hills Elementary School": "Lingunan National High School", "14.58393475": 14.71901623, "121.036764": 120.9791304, "City of Mandaluyong": "City of Valenzuela" }, "geometry": { "type": "Point", "coordinates": [ 120.9791304, 14.71901623 ] } },
{ "type": "Feature", "properties": { "107975": 305568, "Mandaluyong Addition Hills Elementary School": "Paso de Blas National High School", "14.58393475": 14.70437336, "121.036764": 120.986634, "City of Mandaluyong": "City of Valenzuela" }, "geometry": { "type": "Point", "coordinates": [ 120.986634, 14.70437336 ] } },
{ "type": "Feature", "properties": { "107975": 305576, "Mandaluyong Addition Hills Elementary School": "Ugong Senior High School", "14.58393475": 14.6883817, "121.036764": 121.0059687, "City of Mandaluyong": "City of Valenzuela" }, "geometry": { "type": "Point", "coordinates": [ 121.0059687, 14.6883817 ] } },
{ "type": "Feature", "properties": { "107975": 305591, "Mandaluyong Addition Hills Elementary School": "Vito L. Belarmino Senior High School", "14.58393475": 14.6218213, "121.036764": 121.0674764, "City of Mandaluyong": "Quezon City" }, "geometry": { "type": "Point", "coordinates": [ 121.0674764, 14.6218213 ] } },
{ "type": "Feature", "properties": { "107975": 305607, "Mandaluyong Addition Hills Elementary School": "San Juan City Science High School", "14.58393475": 14.60371354, "121.036764": 121.0314597, "City of Mandaluyong": "City of San Juan" }, "geometry": { "type": "Point", "coordinates": [ 121.0314597, 14.60371354 ] } },
{ "type": "Feature", "properties": { "107975": 305608, "Mandaluyong Addition Hills Elementary School": "San Juan City Academic Senior High School", "14.58393475": 14.603417, "121.036764": 121.029823, "City of Mandaluyong": "City of San Juan" }, "geometry": { "type": "Point", "coordinates": [ 121.029823, 14.603417 ] } },
{ "type": "Feature", "properties": { "107975": 305609, "Mandaluyong Addition Hills Elementary School": "San Juan City Technical-Vocational and Livelihood Senior High School", "14.58393475": 14.60333518, "121.036764": 121.029553, "City of Mandaluyong": "City of San Juan" }, "geometry": { "type": "Point", "coordinates": [ 121.029553, 14.60333518 ] } },
{ "type": "Feature", "properties": { "107975": 305615, "Mandaluyong Addition Hills Elementary School": "Justice Cecilia Muñoz Palma Senior High School", "14.58393475": 14.7199926, "121.036764": 121.1013732, "City of Mandaluyong": "Quezon City" }, "geometry": { "type": "Point", "coordinates": [ 121.1013732, 14.7199926 ] } },
{ "type": "Feature", "properties": { "107975": 305630, "Mandaluyong Addition Hills Elementary School": "SSS National High School", "14.58393475": 14.6403513, "121.036764": 121.1216336, "City of Mandaluyong": "City of Marikina" }, "geometry": { "type": "Point", "coordinates": [ 121.1216336, 14.6403513 ] } },
{ "type": "Feature", "properties": { "107975": 305635, "Mandaluyong Addition Hills Elementary School": "West Fairview High School", "14.58393475": 14.7013, "121.036764": 121.0641, "City of Mandaluyong": "Quezon City" }, "geometry": { "type": "Point", "coordinates": [ 121.0641, 14.7013 ] } },
{ "type": "Feature", "properties": { "107975": 305705, "Mandaluyong Addition Hills Elementary School": "Disiplina Village-Bignay National High School", "14.58393475": 14.74844206, "121.036764": 120.9951267, "City of Mandaluyong": "City of Valenzuela" }, "geometry": { "type": "Point", "coordinates": [ 120.9951267, 14.74844206 ] } },
{ "type": "Feature", "properties": { "107975": 305706, "Mandaluyong Addition Hills Elementary School": "Malanday National High School", "14.58393475": 14.71558107, "121.036764": 120.9539125, "City of Mandaluyong": "City of Valenzuela" }, "geometry": { "type": "Point", "coordinates": [ 120.9539125, 14.71558107 ] } },
{ "type": "Feature", "properties": { "107975": 305707, "Mandaluyong Addition Hills Elementary School": "Veinte Reales National High School", "14.58393475": 14.7189592, "121.036764": 120.9678958, "City of Mandaluyong": "City of Valenzuela" }, "geometry": { "type": "Point", "coordinates": [ 120.9678958, 14.7189592 ] } },
{ "type": "Feature", "properties": { "107975": 305708, "Mandaluyong Addition Hills Elementary School": "Lingunan Senior High School", "14.58393475": 14.718749, "121.036764": 120.979404, "City of Mandaluyong": "City of Valenzuela" }, "geometry": { "type": "Point", "coordinates": [ 120.979404, 14.718749 ] } },
{ "type": "Feature", "properties": { "107975": 305715, "Mandaluyong Addition Hills Elementary School": "Vicente Malapitan Senior High School", "14.58393475": 14.76045844, "121.036764": 121.060466, "City of Mandaluyong": "City of Caloocan" }, "geometry": { "type": "Point", "coordinates": [ 121.060466, 14.76045844 ] } },
{ "type": "Feature", "properties": { "107975": 305717, "Mandaluyong Addition Hills Elementary School": "Brixton Senior High School", "14.58393475": 14.76373264, "121.036764": 121.0423157, "City of Mandaluyong": "City of Caloocan" }, "geometry": { "type": "Point", "coordinates": [ 121.0423157, 14.76373264 ] } },
{ "type": "Feature", "properties": { "107975": 305724, "Mandaluyong Addition Hills Elementary School": "Bagong Barrio Senior High School", "14.58393475": 14.659892, "121.036764": 120.998336, "City of Mandaluyong": "City of Caloocan" }, "geometry": { "type": "Point", "coordinates": [ 120.998336, 14.659892 ] } },
{ "type": "Feature", "properties": { "107975": 305729, "Mandaluyong Addition Hills Elementary School": "Samaria Senior High School", "14.58393475": 14.76355269, "121.036764": 121.0640852, "City of Mandaluyong": "City of Caloocan" }, "geometry": { "type": "Point", "coordinates": [ 121.0640852, 14.76355269 ] } },
{ "type": "Feature", "properties": { "107975": 305743, "Mandaluyong Addition Hills Elementary School": "Emilio Jacinto National High School", "14.58393475": 14.67749148, "121.036764": 121.0526572, "City of Mandaluyong": "Quezon City" }, "geometry": { "type": "Point", "coordinates": [ 121.0526572, 14.67749148 ] } },
{ "type": "Feature", "properties": { "107975": 305748, "Mandaluyong Addition Hills Elementary School": "Antonio Uy Tan Senior High School", "14.58393475": 14.73523401, "121.036764": 121.0159692, "City of Mandaluyong": "City of Caloocan" }, "geometry": { "type": "Point", "coordinates": [ 121.0159692, 14.73523401 ] } },
{ "type": "Feature", "properties": { "107975": 305863, "Mandaluyong Addition Hills Elementary School": "Melchora Aquino High School", "14.58393475": 14.68690199, "121.036764": 121.0457993, "City of Mandaluyong": "Quezon City" }, "geometry": { "type": "Point", "coordinates": [ 121.0457993, 14.68690199 ] } },
{ "type": "Feature", "properties": { "107975": 305864, "Mandaluyong Addition Hills Elementary School": "Talipapa Senior High School", "14.58393475": 14.692436, "121.036764": 121.027186, "City of Mandaluyong": "Quezon City" }, "geometry": { "type": "Point", "coordinates": [ 121.027186, 14.692436 ] } },
{ "type": "Feature", "properties": { "107975": 305878, "Mandaluyong Addition Hills Elementary School": "Dela Paz High School", "14.58393475": 14.61536234, "121.036764": 121.0953819, "City of Mandaluyong": "City of Pasig" }, "geometry": { "type": "Point", "coordinates": [ 121.0953819, 14.61536234 ] } },
{ "type": "Feature", "properties": { "107975": 305974, "Mandaluyong Addition Hills Elementary School": "Sto. Niño National High School", "14.58393475": 14.49986, "121.036764": 120.99455, "City of Mandaluyong": "City of Parañaque" }, "geometry": { "type": "Point", "coordinates": [ 120.99455, 14.49986 ] } },
{ "type": "Feature", "properties": { "107975": 305975, "Mandaluyong Addition Hills Elementary School": "Marcelo Green High School Parañaque", "14.58393475": 14.45897, "121.036764": 121.04247, "City of Mandaluyong": "City of Parañaque" }, "geometry": { "type": "Point", "coordinates": [ 121.04247, 14.45897 ] } },
{ "type": "Feature", "properties": { "107975": 305976, "Mandaluyong Addition Hills Elementary School": "Tambo National High School", "14.58393475": 14.51687, "121.036764": 120.99733, "City of Mandaluyong": "City of Parañaque" }, "geometry": { "type": "Point", "coordinates": [ 120.99733, 14.51687 ] } },
{ "type": "Feature", "properties": { "107975": 306040, "Mandaluyong Addition Hills Elementary School": "Industrial Valley Complex National High School", "14.58393475": 14.6215574, "121.036764": 121.0799504, "City of Mandaluyong": "City of Marikina" }, "geometry": { "type": "Point", "coordinates": [ 121.0799504, 14.6215574 ] } },
{ "type": "Feature", "properties": { "107975": 306378, "Mandaluyong Addition Hills Elementary School": "Bangkal Senior High School", "14.58393475": null, "121.036764": null, "City of Mandaluyong": "City of Makati" }, "geometry": null },
{ "type": "Feature", "properties": { "107975": 306389, "Mandaluyong Addition Hills Elementary School": "Sucat Senior High School", "14.58393475": null, "121.036764": null, "City of Mandaluyong": "City of Muntinlupa" }, "geometry": null },
{ "type": "Feature", "properties": { "107975": 319401, "Mandaluyong Addition Hills Elementary School": "President Corazon Aquino High School", "14.58393475": 14.59093876, "121.036764": 120.957428, "City of Mandaluyong": "City of Manila" }, "geometry": { "type": "Point", "coordinates": [ 120.957428, 14.59093876 ] } },
{ "type": "Feature", "properties": { "107975": 319501, "Mandaluyong Addition Hills Elementary School": "Holy Spirit National High School", "14.58393475": 14.68976219, "121.036764": 121.0803966, "City of Mandaluyong": "Quezon City" }, "geometry": { "type": "Point", "coordinates": [ 121.0803966, 14.68976219 ] } },
{ "type": "Feature", "properties": { "107975": 319504, "Mandaluyong Addition Hills Elementary School": "Doña Rosario High School", "14.58393475": 14.71685657, "121.036764": 121.036454, "City of Mandaluyong": "Quezon City" }, "geometry": { "type": "Point", "coordinates": [ 121.036454, 14.71685657 ] } },
{ "type": "Feature", "properties": { "107975": 319505, "Mandaluyong Addition Hills Elementary School": "Judge Feliciano Belmonte, Sr. High School", "14.58393475": 14.67844279, "121.036764": 121.0712297, "City of Mandaluyong": "Quezon City" }, "geometry": { "type": "Point", "coordinates": [ 121.0712297, 14.67844279 ] } },
{ "type": "Feature", "properties": { "107975": 319506, "Mandaluyong Addition Hills Elementary School": "National Orthopedic Hospital School for Crippled Children", "14.58393475": 14.6291, "121.036764": 120.9997, "City of Mandaluyong": "Quezon City" }, "geometry": { "type": "Point", "coordinates": [ 120.9997, 14.6291 ] } },
{ "type": "Feature", "properties": { "107975": 319601, "Mandaluyong Addition Hills Elementary School": "Kalayaan National High School", "14.58393475": 14.50870213, "121.036764": 121.0306025, "City of Mandaluyong": "Pasay City" }, "geometry": { "type": "Point", "coordinates": [ 121.0306025, 14.50870213 ] } },
{ "type": "Feature", "properties": { "107975": 319604, "Mandaluyong Addition Hills Elementary School": "President Corazon \"Cory\" C. Aquino National High School", "14.58393475": 14.5289443, "121.036764": 121.0059178, "City of Mandaluyong": "Pasay City" }, "geometry": { "type": "Point", "coordinates": [ 121.0059178, 14.5289443 ] } },
{ "type": "Feature", "properties": { "107975": 319701, "Mandaluyong Addition Hills Elementary School": "Camarin High School – Cielito Zamora Annex 2", "14.58393475": 14.74522561, "121.036764": 121.0517058, "City of Mandaluyong": "City of Caloocan" }, "geometry": { "type": "Point", "coordinates": [ 121.0517058, 14.74522561 ] } },
{ "type": "Feature", "properties": { "107975": 319702, "Mandaluyong Addition Hills Elementary School": "Benigno Aquino Jr. High School – Annex", "14.58393475": 14.77232316, "121.036764": 121.049696, "City of Mandaluyong": "City of Caloocan" }, "geometry": { "type": "Point", "coordinates": [ 121.049696, 14.77232316 ] } },
{ "type": "Feature", "properties": { "107975": 319703, "Mandaluyong Addition Hills Elementary School": "Mountain Heights High School", "14.58393475": 14.7627524, "121.036764": 121.0814416, "City of Mandaluyong": "City of Caloocan" }, "geometry": { "type": "Point", "coordinates": [ 121.0814416, 14.7627524 ] } },
{ "type": "Feature", "properties": { "107975": 319705, "Mandaluyong Addition Hills Elementary School": "Maypajo High School", "14.58393475": 14.63758121, "121.036764": 120.9726202, "City of Mandaluyong": "City of Caloocan" }, "geometry": { "type": "Point", "coordinates": [ 120.9726202, 14.63758121 ] } },
{ "type": "Feature", "properties": { "107975": 319706, "Mandaluyong Addition Hills Elementary School": "Kasarinlan High School", "14.58393475": 14.6416162, "121.036764": 120.9692036, "City of Mandaluyong": "City of Caloocan" }, "geometry": { "type": "Point", "coordinates": [ 120.9692036, 14.6416162 ] } },
{ "type": "Feature", "properties": { "107975": 319707, "Mandaluyong Addition Hills Elementary School": "Caloocan City Business High School", "14.58393475": 14.74370827, "121.036764": 121.036561, "City of Mandaluyong": "City of Caloocan" }, "geometry": { "type": "Point", "coordinates": [ 121.036561, 14.74370827 ] } },
{ "type": "Feature", "properties": { "107975": 319708, "Mandaluyong Addition Hills Elementary School": "Amparo High School – Horacio dela Costa Annex", "14.58393475": 14.7483874, "121.036764": 121.0703771, "City of Mandaluyong": "City of Caloocan" }, "geometry": { "type": "Point", "coordinates": [ 121.0703771, 14.7483874 ] } },
{ "type": "Feature", "properties": { "107975": 319709, "Mandaluyong Addition Hills Elementary School": "Antonio Luna High School", "14.58393475": 14.74669946, "121.036764": 121.0092904, "City of Mandaluyong": "City of Caloocan" }, "geometry": { "type": "Point", "coordinates": [ 121.0092904, 14.74669946 ] } },
{ "type": "Feature", "properties": { "107975": 319711, "Mandaluyong Addition Hills Elementary School": "Caloocan National Science and Technology High School", "14.58393475": 14.75509045, "121.036764": 121.0305998, "City of Mandaluyong": "City of Caloocan" }, "geometry": { "type": "Point", "coordinates": [ 121.0305998, 14.75509045 ] } },
{ "type": "Feature", "properties": { "107975": 319901, "Mandaluyong Addition Hills Elementary School": "Nangka High School", "14.58393475": 14.67065256, "121.036764": 121.1020701, "City of Mandaluyong": "City of Marikina" }, "geometry": { "type": "Point", "coordinates": [ 121.1020701, 14.67065256 ] } },
{ "type": "Feature", "properties": { "107975": 319902, "Mandaluyong Addition Hills Elementary School": "Fortune High School", "14.58393475": 14.65963415, "121.036764": 121.1270452, "City of Mandaluyong": "City of Marikina" }, "geometry": { "type": "Point", "coordinates": [ 121.1270452, 14.65963415 ] } },
{ "type": "Feature", "properties": { "107975": 319903, "Mandaluyong Addition Hills Elementary School": "Barangka National High School", "14.58393475": 14.63364263, "121.036764": 121.0814879, "City of Mandaluyong": "City of Marikina" }, "geometry": { "type": "Point", "coordinates": [ 121.0814879, 14.63364263 ] } },
{ "type": "Feature", "properties": { "107975": 319904, "Mandaluyong Addition Hills Elementary School": "Kalumpang National High School", "14.58393475": 14.6223093, "121.036764": 121.0900122, "City of Mandaluyong": "City of Marikina" }, "geometry": { "type": "Point", "coordinates": [ 121.0900122, 14.6223093 ] } },
{ "type": "Feature", "properties": { "107975": 319905, "Mandaluyong Addition Hills Elementary School": "San Roque National High School", "14.58393475": 14.62277409, "121.036764": 121.0971581, "City of Mandaluyong": "City of Marikina" }, "geometry": { "type": "Point", "coordinates": [ 121.0971581, 14.62277409 ] } },
{ "type": "Feature", "properties": { "107975": 319906, "Mandaluyong Addition Hills Elementary School": "Santo Niño National High School", "14.58393475": 14.63900123, "121.036764": 121.0962998, "City of Mandaluyong": "City of Marikina" }, "geometry": { "type": "Point", "coordinates": [ 121.0962998, 14.63900123 ] } },
{ "type": "Feature", "properties": { "107975": 319907, "Mandaluyong Addition Hills Elementary School": "Jesus Dela Peña National High School", "14.58393475": 14.6353076, "121.036764": 121.0901537, "City of Mandaluyong": "City of Marikina" }, "geometry": { "type": "Point", "coordinates": [ 121.0901537, 14.6353076 ] } },
{ "type": "Feature", "properties": { "107975": 320001, "Mandaluyong Addition Hills Elementary School": "Pitogo High School", "14.58393475": 14.55632602, "121.036764": 121.0471697, "City of Mandaluyong": "City of Taguig" }, "geometry": { "type": "Point", "coordinates": [ 121.0471697, 14.55632602 ] } },
{ "type": "Feature", "properties": { "107975": 320002, "Mandaluyong Addition Hills Elementary School": "Bangkal High School Ⅰ", "14.58393475": 14.54649278, "121.036764": 121.0124832, "City of Mandaluyong": "City of Makati" }, "geometry": { "type": "Point", "coordinates": [ 121.0124832, 14.54649278 ] } },
{ "type": "Feature", "properties": { "107975": 320003, "Mandaluyong Addition Hills Elementary School": "Tibagan Elementary School", "14.58393475": 14.5573367, "121.036764": 121.0644587, "City of Mandaluyong": "City of Taguig" }, "geometry": { "type": "Point", "coordinates": [ 121.0644587, 14.5573367 ] } },
{ "type": "Feature", "properties": { "107975": 320101, "Mandaluyong Addition Hills Elementary School": "Pasig City Science High School", "14.58393475": 14.57519021, "121.036764": 121.0965446, "City of Mandaluyong": "City of Pasig" }, "geometry": { "type": "Point", "coordinates": [ 121.0965446, 14.57519021 ] } },
{ "type": "Feature", "properties": { "107975": 320102, "Mandaluyong Addition Hills Elementary School": "Nagpayong High School", "14.58393475": 14.54456263, "121.036764": 121.10257, "City of Mandaluyong": "City of Pasig" }, "geometry": { "type": "Point", "coordinates": [ 121.10257, 14.54456263 ] } },
{ "type": "Feature", "properties": { "107975": 320201, "Mandaluyong Addition Hills Elementary School": "Parañaque Science High School", "14.58393475": 14.500626, "121.036764": 120.9945838, "City of Mandaluyong": "City of Parañaque" }, "geometry": { "type": "Point", "coordinates": [ 120.9945838, 14.500626 ] } },
{ "type": "Feature", "properties": { "107975": 320202, "Mandaluyong Addition Hills Elementary School": "Baclaran National High School", "14.58393475": 14.53178892, "121.036764": 120.9979872, "City of Mandaluyong": "City of Parañaque" }, "geometry": { "type": "Point", "coordinates": [ 120.9979872, 14.53178892 ] } },
{ "type": "Feature", "properties": { "107975": 320203, "Mandaluyong Addition Hills Elementary School": "Moonwalk National High School", "14.58393475": 14.492442, "121.036764": 121.01007, "City of Mandaluyong": "City of Parañaque" }, "geometry": { "type": "Point", "coordinates": [ 121.01007, 14.492442 ] } },
{ "type": "Feature", "properties": { "107975": 320204, "Mandaluyong Addition Hills Elementary School": "Sun Valley National High School", "14.58393475": 14.4901504, "121.036764": 121.0294521, "City of Mandaluyong": "City of Parañaque" }, "geometry": { "type": "Point", "coordinates": [ 121.0294521, 14.4901504 ] } },
{ "type": "Feature", "properties": { "107975": 320205, "Mandaluyong Addition Hills Elementary School": "Don Bosco High School Parañaque", "14.58393475": 14.47989, "121.036764": 121.02104, "City of Mandaluyong": "City of Parañaque" }, "geometry": { "type": "Point", "coordinates": [ 121.02104, 14.47989 ] } },
{ "type": "Feature", "properties": { "107975": 320301, "Mandaluyong Addition Hills Elementary School": "Las Piñas East National High School – Equitable Annex", "14.58393475": 14.43303323, "121.036764": 121.0017241, "City of Mandaluyong": "City of Las Piñas" }, "geometry": { "type": "Point", "coordinates": [ 121.0017241, 14.43303323 ] } },
{ "type": "Feature", "properties": { "107975": 320302, "Mandaluyong Addition Hills Elementary School": "Captain Albert Aguilar National High School", "14.58393475": 14.45737718, "121.036764": 120.9986618, "City of Mandaluyong": "City of Las Piñas" }, "geometry": { "type": "Point", "coordinates": [ 120.9986618, 14.45737718 ] } },
{ "type": "Feature", "properties": { "107975": 320303, "Mandaluyong Addition Hills Elementary School": "Las Piñas National High School - Gatchalian Annex", "14.58393475": 14.4743994, "121.036764": 120.9950263, "City of Mandaluyong": "City of Las Piñas" }, "geometry": { "type": "Point", "coordinates": [ 120.9950263, 14.4743994 ] } },
{ "type": "Feature", "properties": { "107975": 320304, "Mandaluyong Addition Hills Elementary School": "Las Piñas City National Science High School", "14.58393475": 14.43298634, "121.036764": 120.9846764, "City of Mandaluyong": "City of Las Piñas" }, "geometry": { "type": "Point", "coordinates": [ 120.9846764, 14.43298634 ] } },
{ "type": "Feature", "properties": { "107975": 320305, "Mandaluyong Addition Hills Elementary School": "Lydia Aguilar National High School", "14.58393475": 14.4197368, "121.036764": 121.0173972, "City of Mandaluyong": "City of Las Piñas" }, "geometry": { "type": "Point", "coordinates": [ 121.0173972, 14.4197368 ] } },
{ "type": "Feature", "properties": { "107975": 320306, "Mandaluyong Addition Hills Elementary School": "Las Piñas National High School - Almanza Annex", "14.58393475": 14.42907634, "121.036764": 121.0112299, "City of Mandaluyong": "City of Las Piñas" }, "geometry": { "type": "Point", "coordinates": [ 121.0112299, 14.42907634 ] } },
{ "type": "Feature", "properties": { "107975": 320307, "Mandaluyong Addition Hills Elementary School": "Las Piñas City Technical-Vocational High School", "14.58393475": 14.44542779, "121.036764": 121.0014469, "City of Mandaluyong": "City of Las Piñas" }, "geometry": { "type": "Point", "coordinates": [ 121.0014469, 14.44542779 ] } },
{ "type": "Feature", "properties": { "107975": 320401, "Mandaluyong Addition Hills Elementary School": "Valenzuela City School of Mathematics and Science", "14.58393475": 14.6922239, "121.036764": 120.9665958, "City of Mandaluyong": "City of Valenzuela" }, "geometry": { "type": "Point", "coordinates": [ 120.9665958, 14.6922239 ] } },
{ "type": "Feature", "properties": { "107975": 320402, "Mandaluyong Addition Hills Elementary School": "Vicente Trinidad National High School", "14.58393475": 14.7401222, "121.036764": 120.9832574, "City of Mandaluyong": "City of Valenzuela" }, "geometry": { "type": "Point", "coordinates": [ 120.9832574, 14.7401222 ] } },
{ "type": "Feature", "properties": { "107975": 320403, "Mandaluyong Addition Hills Elementary School": "Mapulang Lupa National High School", "14.58393475": 14.70179623, "121.036764": 121.0094273, "City of Mandaluyong": "City of Valenzuela" }, "geometry": { "type": "Point", "coordinates": [ 121.0094273, 14.70179623 ] } },
{ "type": "Feature", "properties": { "107975": 320404, "Mandaluyong Addition Hills Elementary School": "Bignay National High School", "14.58393475": 14.74399023, "121.036764": 120.9995225, "City of Mandaluyong": "City of Valenzuela" }, "geometry": { "type": "Point", "coordinates": [ 120.9995225, 14.74399023 ] } },
{ "type": "Feature", "properties": { "107975": 320405, "Mandaluyong Addition Hills Elementary School": "Arkong Bato National High School", "14.58393475": 14.70027094, "121.036764": 120.949949, "City of Mandaluyong": "City of Valenzuela" }, "geometry": { "type": "Point", "coordinates": [ 120.949949, 14.70027094 ] } },
{ "type": "Feature", "properties": { "107975": 320406, "Mandaluyong Addition Hills Elementary School": "Canumay East National High School", "14.58393475": 14.7197622, "121.036764": 120.9935388, "City of Mandaluyong": "City of Valenzuela" }, "geometry": { "type": "Point", "coordinates": [ 120.9935388, 14.7197622 ] } },
{ "type": "Feature", "properties": { "107975": 320407, "Mandaluyong Addition Hills Elementary School": "Wawang Pulo National High School", "14.58393475": 14.73330962, "121.036764": 120.9283528, "City of Mandaluyong": "City of Valenzuela" }, "geometry": { "type": "Point", "coordinates": [ 120.9283528, 14.73330962 ] } },
{ "type": "Feature", "properties": { "107975": 320408, "Mandaluyong Addition Hills Elementary School": "Bagbaguin National High School", "14.58393475": 14.70811684, "121.036764": 121.0037063, "City of Mandaluyong": "City of Valenzuela" }, "geometry": { "type": "Point", "coordinates": [ 121.0037063, 14.70811684 ] } },
{ "type": "Feature", "properties": { "107975": 320501, "Mandaluyong Addition Hills Elementary School": "Longos National High School", "14.58393475": 14.65485534, "121.036764": 120.9610274, "City of Mandaluyong": "City of Malabon" }, "geometry": { "type": "Point", "coordinates": [ 120.9610274, 14.65485534 ] } },
{ "type": "Feature", "properties": { "107975": 320502, "Mandaluyong Addition Hills Elementary School": "Concepcion Vocational-Technical High School – Annex", "14.58393475": 14.66770194, "121.036764": 120.9494525, "City of Mandaluyong": "City of Malabon" }, "geometry": { "type": "Point", "coordinates": [ 120.9494525, 14.66770194 ] } },
{ "type": "Feature", "properties": { "107975": 320504, "Mandaluyong Addition Hills Elementary School": "Acacia National High School", "14.58393475": 14.66709596, "121.036764": 120.9682213, "City of Mandaluyong": "City of Malabon" }, "geometry": { "type": "Point", "coordinates": [ 120.9682213, 14.66709596 ] } },
{ "type": "Feature", "properties": { "107975": 320601, "Mandaluyong Addition Hills Elementary School": "Taguig Science High School", "14.58393475": 14.52041568, "121.036764": 121.0736591, "City of Mandaluyong": "City of Taguig" }, "geometry": { "type": "Point", "coordinates": [ 121.0736591, 14.52041568 ] } },
{ "type": "Feature", "properties": { "107975": 320602, "Mandaluyong Addition Hills Elementary School": "Maria Asuncion Rodriguez Tiñga High School", "14.58393475": 14.49325234, "121.036764": 121.0561913, "City of Mandaluyong": "City of Taguig" }, "geometry": { "type": "Point", "coordinates": [ 121.0561913, 14.49325234 ] } },
{ "type": "Feature", "properties": { "107975": 320604, "Mandaluyong Addition Hills Elementary School": "Senator Renato \"Compañero\" Cayetano Memorial Science and Technology High School", "14.58393475": 14.52563408, "121.036764": 121.0614093, "City of Mandaluyong": "City of Taguig" }, "geometry": { "type": "Point", "coordinates": [ 121.0614093, 14.52563408 ] } },
{ "type": "Feature", "properties": { "107975": 320605, "Mandaluyong Addition Hills Elementary School": "Upper Bicutan National High School", "14.58393475": 14.490859, "121.036764": 121.0540619, "City of Mandaluyong": "City of Taguig" }, "geometry": { "type": "Point", "coordinates": [ 121.0540619, 14.490859 ] } },
{ "type": "Feature", "properties": { "107975": 320606, "Mandaluyong Addition Hills Elementary School": "President Diosdado Macapagal National High School", "14.58393475": 14.52152603, "121.036764": 121.0578617, "City of Mandaluyong": "City of Taguig" }, "geometry": { "type": "Point", "coordinates": [ 121.0578617, 14.52152603 ] } },
{ "type": "Feature", "properties": { "107975": 320607, "Mandaluyong Addition Hills Elementary School": "Agripino Manalo National High School", "14.58393475": 14.54436016, "121.036764": 121.0621068, "City of Mandaluyong": "Pateros" }, "geometry": { "type": "Point", "coordinates": [ 121.0621068, 14.54436016 ] } },
{ "type": "Feature", "properties": { "107975": 320612, "Mandaluyong Addition Hills Elementary School": "Gat. Andres Bonifacio High School", "14.58393475": 14.5298648, "121.036764": 121.0242614, "City of Mandaluyong": "City of Taguig" }, "geometry": { "type": "Point", "coordinates": [ 121.0242614, 14.5298648 ] } },
{ "type": "Feature", "properties": { "107975": 320701, "Mandaluyong Addition Hills Elementary School": "Poblacion National High School", "14.58393475": 14.36928284, "121.036764": 121.0203849, "City of Mandaluyong": "City of Muntinlupa" }, "geometry": { "type": "Point", "coordinates": [ 121.0203849, 14.36928284 ] } },
{ "type": "Feature", "properties": { "107975": 320702, "Mandaluyong Addition Hills Elementary School": "Muntinlupa Business High School – Sucat Annex", "14.58393475": 14.45793885, "121.036764": 121.0526736, "City of Mandaluyong": "City of Muntinlupa" }, "geometry": { "type": "Point", "coordinates": [ 121.0526736, 14.45793885 ] } },
{ "type": "Feature", "properties": { "107975": 320704, "Mandaluyong Addition Hills Elementary School": "Tunasan National High School", "14.58393475": 14.38792281, "121.036764": 121.0474536, "City of Mandaluyong": "City of Muntinlupa" }, "geometry": { "type": "Point", "coordinates": [ 121.0474536, 14.38792281 ] } },
{ "type": "Feature", "properties": { "107975": 328001, "Mandaluyong Addition Hills Elementary School": "Navotas National Science High School", "14.58393475": 14.6580597, "121.036764": 120.9485346, "City of Mandaluyong": "City of Navotas" }, "geometry": { "type": "Point", "coordinates": [ 120.9485346, 14.6580597 ] } },
{ "type": "Feature", "properties": { "107975": 330510, "Mandaluyong Addition Hills Elementary School": "Philippine Science High School Main Campus", "14.58393475": 14.65086203, "121.036764": 121.0402324, "City of Mandaluyong": "Quezon City" }, "geometry": { "type": "Point", "coordinates": [ 121.0402324, 14.65086203 ] } },
{ "type": "Feature", "properties": { "107975": 340548, "Mandaluyong Addition Hills Elementary School": "Las Piñas City National Senior High School - Manuyo Campus", "14.58393475": 14.48253822, "121.036764": 120.9849623, "City of Mandaluyong": "City of Las Piñas" }, "geometry": { "type": "Point", "coordinates": [ 120.9849623, 14.48253822 ] } },
{ "type": "Feature", "properties": { "107975": 340550, "Mandaluyong Addition Hills Elementary School": "Las Piñas City National Senior High School - CAA Campus", "14.58393475": 14.46127333, "121.036764": 120.9993255, "City of Mandaluyong": "City of Las Piñas" }, "geometry": { "type": "Point", "coordinates": [ 120.9993255, 14.46127333 ] } },
{ "type": "Feature", "properties": { "107975": 340551, "Mandaluyong Addition Hills Elementary School": "Las Piñas City National Senior High School - Doña Josefa Campus", "14.58393475": 14.4225224, "121.036764": 121.0122903, "City of Mandaluyong": "City of Las Piñas" }, "geometry": { "type": "Point", "coordinates": [ 121.0122903, 14.4225224 ] } },
{ "type": "Feature", "properties": { "107975": 340552, "Mandaluyong Addition Hills Elementary School": "Las Piñas City National Senior High School- Talon Dos Campus", "14.58393475": 14.43344073, "121.036764": 120.9843807, "City of Mandaluyong": "City of Las Piñas" }, "geometry": { "type": "Point", "coordinates": [ 120.9843807, 14.43344073 ] } },
{ "type": "Feature", "properties": { "107975": 340554, "Mandaluyong Addition Hills Elementary School": "Nemesio I. Yabut Senior High School", "14.58393475": 14.55984813, "121.036764": 121.042588, "City of Mandaluyong": "City of Makati" }, "geometry": { "type": "Point", "coordinates": [ 121.042588, 14.55984813 ] } },
{ "type": "Feature", "properties": { "107975": 340558, "Mandaluyong Addition Hills Elementary School": "Maximo Estrella Senior High School", "14.58393475": 14.5775765, "121.036764": 121.0175199, "City of Mandaluyong": "City of Makati" }, "geometry": { "type": "Point", "coordinates": [ 121.0175199, 14.5775765 ] } },
{ "type": "Feature", "properties": { "107975": 340567, "Mandaluyong Addition Hills Elementary School": "Imelda Integrated Secondary School", "14.58393475": 14.64847784, "121.036764": 120.9610126, "City of Mandaluyong": "City of Malabon" }, "geometry": { "type": "Point", "coordinates": [ 120.9610126, 14.64847784 ] } },
{ "type": "Feature", "properties": { "107975": 340568, "Mandaluyong Addition Hills Elementary School": "Ninoy Aquino Senior High School", "14.58393475": 14.6548334, "121.036764": 120.9611139, "City of Mandaluyong": "City of Malabon" }, "geometry": { "type": "Point", "coordinates": [ 120.9611139, 14.6548334 ] } },
{ "type": "Feature", "properties": { "107975": 340599, "Mandaluyong Addition Hills Elementary School": "SHS within A.Maceda Intg. Sch.-Elem.", "14.58393475": 14.6033106, "121.036764": 121.0119277, "City of Mandaluyong": "City of Manila" }, "geometry": { "type": "Point", "coordinates": [ 121.0119277, 14.6033106 ] } },
{ "type": "Feature", "properties": { "107975": 340602, "Mandaluyong Addition Hills Elementary School": "E. QUIRINO Senior High School within Bacood", "14.58393475": 14.59599, "121.036764": 121.01574, "City of Mandaluyong": "City of Manila" }, "geometry": { "type": "Point", "coordinates": [ 121.01574, 14.59599 ] } },
{ "type": "Feature", "properties": { "107975": 340628, "Mandaluyong Addition Hills Elementary School": "Filemon T. Lizan Senior High School", "14.58393475": 14.6513024, "121.036764": 120.9486257, "City of Mandaluyong": "City of Navotas" }, "geometry": { "type": "Point", "coordinates": [ 120.9486257, 14.6513024 ] } },
{ "type": "Feature", "properties": { "107975": 340629, "Mandaluyong Addition Hills Elementary School": "Bangkulasi Senior High School", "14.58393475": 14.6490979, "121.036764": 120.9521757, "City of Mandaluyong": "City of Navotas" }, "geometry": { "type": "Point", "coordinates": [ 120.9521757, 14.6490979 ] } },
{ "type": "Feature", "properties": { "107975": 340635, "Mandaluyong Addition Hills Elementary School": "Sto. Niño Senior High School", "14.58393475": 14.5033842, "121.036764": 120.9960701, "City of Mandaluyong": "City of Parañaque" }, "geometry": { "type": "Point", "coordinates": [ 120.9960701, 14.5033842 ] } },
{ "type": "Feature", "properties": { "107975": 340636, "Mandaluyong Addition Hills Elementary School": "PARAÑAQUE SENIOR HIGH SCHOOL", "14.58393475": 14.4912162, "121.036764": 120.98939, "City of Mandaluyong": "City of Parañaque" }, "geometry": { "type": "Point", "coordinates": [ 120.98939, 14.4912162 ] } },
{ "type": "Feature", "properties": { "107975": 340654, "Mandaluyong Addition Hills Elementary School": "Buting Senior High School", "14.58393475": 14.55553107, "121.036764": 121.0657396, "City of Mandaluyong": "City of Pasig" }, "geometry": { "type": "Point", "coordinates": [ 121.0657396, 14.55553107 ] } },
{ "type": "Feature", "properties": { "107975": 340655, "Mandaluyong Addition Hills Elementary School": "Ugong Pasig National High School", "14.58393475": 14.57925934, "121.036764": 121.0788164, "City of Mandaluyong": "City of Pasig" }, "geometry": { "type": "Point", "coordinates": [ 121.0788164, 14.57925934 ] } },
{ "type": "Feature", "properties": { "107975": 340656, "Mandaluyong Addition Hills Elementary School": "San Lorenzo Ruiz Senior High School", "14.58393475": 14.599943, "121.036764": 121.1016143, "City of Mandaluyong": "City of Pasig" }, "geometry": { "type": "Point", "coordinates": [ 121.1016143, 14.599943 ] } },
{ "type": "Feature", "properties": { "107975": 340690, "Mandaluyong Addition Hills Elementary School": "Sta. Lucia Senior High School", "14.58393475": 14.707709, "121.036764": 121.052026, "City of Mandaluyong": "Quezon City" }, "geometry": { "type": "Point", "coordinates": [ 121.052026, 14.707709 ] } },
{ "type": "Feature", "properties": { "107975": 340694, "Mandaluyong Addition Hills Elementary School": "SHS within E. Abada ES (Lucrecia R. Kasilag Senior High School)", "14.58393475": 14.6541361, "121.036764": 121.0232878, "City of Mandaluyong": "Quezon City" }, "geometry": { "type": "Point", "coordinates": [ 121.0232878, 14.6541361 ] } },
{ "type": "Feature", "properties": { "107975": 340695, "Mandaluyong Addition Hills Elementary School": "Eugenio M. Lopez Jr. Center for Media Arts Senior High School", "14.58393475": 14.6291005, "121.036764": 121.0364904, "City of Mandaluyong": "Quezon City" }, "geometry": { "type": "Point", "coordinates": [ 121.0364904, 14.6291005 ] } },
{ "type": "Feature", "properties": { "107975": 340696, "Mandaluyong Addition Hills Elementary School": "Pinyahan Senior High School", "14.58393475": 14.63879732, "121.036764": 121.0505601, "City of Mandaluyong": "Quezon City" }, "geometry": { "type": "Point", "coordinates": [ 121.0505601, 14.63879732 ] } },
{ "type": "Feature", "properties": { "107975": 340697, "Mandaluyong Addition Hills Elementary School": "Jose Maria Panganiban Senior High School", "14.58393475": 14.71220514, "121.036764": 121.038345, "City of Mandaluyong": "Quezon City" }, "geometry": { "type": "Point", "coordinates": [ 121.038345, 14.71220514 ] } },
{ "type": "Feature", "properties": { "107975": 340698, "Mandaluyong Addition Hills Elementary School": "SHS within Toro Hills ES", "14.58393475": 14.664933, "121.036764": 121.0200738, "City of Mandaluyong": "Quezon City" }, "geometry": { "type": "Point", "coordinates": [ 121.0200738, 14.664933 ] } },
{ "type": "Feature", "properties": { "107975": 340710, "Mandaluyong Addition Hills Elementary School": "Stand Alone SHS within Taguig Integrated School", "14.58393475": 14.5257361, "121.036764": 121.075385, "City of Mandaluyong": "City of Taguig" }, "geometry": { "type": "Point", "coordinates": [ 121.075385, 14.5257361 ] } },
{ "type": "Feature", "properties": { "107975": 340729, "Mandaluyong Addition Hills Elementary School": "Paso de Blas Senior High School", "14.58393475": 14.7043376, "121.036764": 120.9864548, "City of Mandaluyong": "City of Valenzuela" }, "geometry": { "type": "Point", "coordinates": [ 120.9864548, 14.7043376 ] } },
{ "type": "Feature", "properties": { "107975": 360867, "Mandaluyong Addition Hills Elementary School": "Leandro Locsin Integrated School", "14.58393475": 14.72777352, "121.036764": 121.0464021, "City of Mandaluyong": "Quezon City" }, "geometry": { "type": "Point", "coordinates": [ 121.0464021, 14.72777352 ] } },
{ "type": "Feature", "properties": { "107975": 360868, "Mandaluyong Addition Hills Elementary School": "Fernando C. Amorsolo Senior High School", "14.58393475": 14.62877966, "121.036764": 121.0442254, "City of Mandaluyong": "Quezon City" }, "geometry": { "type": "Point", "coordinates": [ 121.0442254, 14.62877966 ] } },
{ "type": "Feature", "properties": { "107975": 360869, "Mandaluyong Addition Hills Elementary School": "SHS within Bagong Pag-asa ES", "14.58393475": 14.6627028, "121.036764": 121.0334233, "City of Mandaluyong": "Quezon City" }, "geometry": { "type": "Point", "coordinates": [ 121.0334233, 14.6627028 ] } },
{ "type": "Feature", "properties": { "107975": 360870, "Mandaluyong Addition Hills Elementary School": "Senior High School in Apolonio Samson", "14.58393475": 14.65496162, "121.036764": 121.0115883, "City of Mandaluyong": "Quezon City" }, "geometry": { "type": "Point", "coordinates": [ 121.0115883, 14.65496162 ] } },
{ "type": "Feature", "properties": { "107975": 360871, "Mandaluyong Addition Hills Elementary School": "Pedro Tuazon Elementary School", "14.58393475": 14.61411531, "121.036764": 121.048734, "City of Mandaluyong": "Quezon City" }, "geometry": { "type": "Point", "coordinates": [ 121.048734, 14.61411531 ] } },
{ "type": "Feature", "properties": { "107975": 500051, "Mandaluyong Addition Hills Elementary School": "Andres Bonifacio Integrated School - Senior High School", "14.58393475": 14.58467149, "121.036764": 121.0337061, "City of Mandaluyong": "City of Mandaluyong" }, "geometry": { "type": "Point", "coordinates": [ 121.0337061, 14.58467149 ] } },
{ "type": "Feature", "properties": { "107975": 500052, "Mandaluyong Addition Hills Elementary School": "Concepcion Integrated School", "14.58393475": 14.65040848, "121.036764": 121.1020239, "City of Mandaluyong": "City of Marikina" }, "geometry": { "type": "Point", "coordinates": [ 121.1020239, 14.65040848 ] } },
{ "type": "Feature", "properties": { "107975": 500328, "Mandaluyong Addition Hills Elementary School": "Philippine National School for the Blind", "14.58393475": 14.54217383, "121.036764": 120.9964343, "City of Mandaluyong": "Pasay City" }, "geometry": { "type": "Point", "coordinates": [ 120.9964343, 14.54217383 ] } },
{ "type": "Feature", "properties": { "107975": 500329, "Mandaluyong Addition Hills Elementary School": "Philippine School for the Deaf", "14.58393475": 14.54205808, "121.036764": 120.9956832, "City of Mandaluyong": "Pasay City" }, "geometry": { "type": "Point", "coordinates": [ 120.9956832, 14.54205808 ] } },
{ "type": "Feature", "properties": { "107975": 500330, "Mandaluyong Addition Hills Elementary School": "Tandang Sora Integrated School", "14.58393475": 14.64743551, "121.036764": 120.9923925, "City of Mandaluyong": "City of Caloocan" }, "geometry": { "type": "Point", "coordinates": [ 120.9923925, 14.64743551 ] } },
{ "type": "Feature", "properties": { "107975": 500331, "Mandaluyong Addition Hills Elementary School": "Isaac Lopez Integrated School", "14.58393475": 14.5771924, "121.036764": 121.0250587, "City of Mandaluyong": "City of Mandaluyong" }, "geometry": { "type": "Point", "coordinates": [ 121.0250587, 14.5771924 ] } },
{ "type": "Feature", "properties": { "107975": 500332, "Mandaluyong Addition Hills Elementary School": "Highway Hills Integrated School", "14.58393475": 14.5824723, "121.036764": 121.049452, "City of Mandaluyong": "City of Mandaluyong" }, "geometry": { "type": "Point", "coordinates": [ 121.049452, 14.5824723 ] } },
{ "type": "Feature", "properties": { "107975": 500333, "Mandaluyong Addition Hills Elementary School": "Eulogio Rodriguez Integrated School", "14.58393475": 14.58784653, "121.036764": 121.0304968, "City of Mandaluyong": "City of Mandaluyong" }, "geometry": { "type": "Point", "coordinates": [ 121.0304968, 14.58784653 ] } },
{ "type": "Feature", "properties": { "107975": 500334, "Mandaluyong Addition Hills Elementary School": "Jose Fabella Memorial School", "14.58393475": 14.58497, "121.036764": 121.03433, "City of Mandaluyong": "City of Mandaluyong" }, "geometry": { "type": "Point", "coordinates": [ 121.03433, 14.58497 ] } },
{ "type": "Feature", "properties": { "107975": 500335, "Mandaluyong Addition Hills Elementary School": "Ilaya Barangka Integrated School", "14.58393475": 14.57191597, "121.036764": 121.044942, "City of Mandaluyong": "City of Mandaluyong" }, "geometry": { "type": "Point", "coordinates": [ 121.044942, 14.57191597 ] } },
{ "type": "Feature", "properties": { "107975": 500336, "Mandaluyong Addition Hills Elementary School": "Addition Hills Integrated School", "14.58393475": 14.58354156, "121.036764": 121.0340009, "City of Mandaluyong": "City of Mandaluyong" }, "geometry": { "type": "Point", "coordinates": [ 121.0340009, 14.58354156 ] } },
{ "type": "Feature", "properties": { "107975": 500337, "Mandaluyong Addition Hills Elementary School": "Catmon Integrated School", "14.58393475": 14.66481225, "121.036764": 120.9622184, "City of Mandaluyong": "City of Malabon" }, "geometry": { "type": "Point", "coordinates": [ 120.9622184, 14.66481225 ] } },
{ "type": "Feature", "properties": { "107975": 500338, "Mandaluyong Addition Hills Elementary School": "Colonel Ramon Camus Integrated School", "14.58393475": 14.66169742, "121.036764": 120.9497671, "City of Mandaluyong": "City of Malabon" }, "geometry": { "type": "Point", "coordinates": [ 120.9497671, 14.66169742 ] } },
{ "type": "Feature", "properties": { "107975": 500339, "Mandaluyong Addition Hills Elementary School": "Tañong IS", "14.58393475": 14.65759, "121.036764": 120.95184, "City of Mandaluyong": "City of Malabon" }, "geometry": { "type": "Point", "coordinates": [ 120.95184, 14.65759 ] } },
{ "type": "Feature", "properties": { "107975": 500340, "Mandaluyong Addition Hills Elementary School": "Kapitan Eddie T. Reyes Integrated School", "14.58393475": 14.52402838, "121.036764": 121.0570604, "City of Mandaluyong": "City of Taguig" }, "geometry": { "type": "Point", "coordinates": [ 121.0570604, 14.52402838 ] } },
{ "type": "Feature", "properties": { "107975": 500341, "Mandaluyong Addition Hills Elementary School": "Palar Integrated School", "14.58393475": 14.53393734, "121.036764": 121.0563982, "City of Mandaluyong": "City of Taguig" }, "geometry": { "type": "Point", "coordinates": [ 121.0563982, 14.53393734 ] } },
{ "type": "Feature", "properties": { "107975": 500342, "Mandaluyong Addition Hills Elementary School": "Napindan Integrated School", "14.58393475": 14.53810258, "121.036764": 121.0962956, "City of Mandaluyong": "City of Taguig" }, "geometry": { "type": "Point", "coordinates": [ 121.0962956, 14.53810258 ] } },
{ "type": "Feature", "properties": { "107975": 500438, "Mandaluyong Addition Hills Elementary School": "Lakeview Integrated School", "14.58393475": 14.39222004, "121.036764": 121.0418303, "City of Mandaluyong": "City of Muntinlupa" }, "geometry": { "type": "Point", "coordinates": [ 121.0418303, 14.39222004 ] } },
{ "type": "Feature", "properties": { "107975": 500500, "Mandaluyong Addition Hills Elementary School": "Hulo Integrated School", "14.58393475": 14.56913764, "121.036764": 121.0351199, "City of Mandaluyong": "City of Mandaluyong" }, "geometry": { "type": "Point", "coordinates": [ 121.0351199, 14.56913764 ] } },
{ "type": "Feature", "properties": { "107975": 500565, "Mandaluyong Addition Hills Elementary School": "Taguig Integrated School", "14.58393475": 14.52570507, "121.036764": 121.0751823, "City of Mandaluyong": "City of Taguig" }, "geometry": { "type": "Point", "coordinates": [ 121.0751823, 14.52570507 ] } },
{ "type": "Feature", "properties": { "107975": 500566, "Mandaluyong Addition Hills Elementary School": "Timoteo Paez Integrated School", "14.58393475": 14.63054852, "121.036764": 120.9673105, "City of Mandaluyong": "City of Manila" }, "geometry": { "type": "Point", "coordinates": [ 120.9673105, 14.63054852 ] } },
{ "type": "Feature", "properties": { "107975": 500567, "Mandaluyong Addition Hills Elementary School": "F. G. Calderon Elementary School", "14.58393475": 14.6321298, "121.036764": 120.9791332, "City of Mandaluyong": "City of Manila" }, "geometry": { "type": "Point", "coordinates": [ 120.9791332, 14.6321298 ] } },
{ "type": "Feature", "properties": { "107975": 500568, "Mandaluyong Addition Hills Elementary School": "Antonio A. Maceda Integrated School", "14.58393475": 14.60338726, "121.036764": 121.0115448, "City of Mandaluyong": "City of Manila" }, "geometry": { "type": "Point", "coordinates": [ 121.0115448, 14.60338726 ] } },
{ "type": "Feature", "properties": { "107975": 500569, "Mandaluyong Addition Hills Elementary School": "General Emilio Aguinaldo Integrated School", "14.58393475": 14.58661622, "121.036764": 121.0108192, "City of Mandaluyong": "City of Manila" }, "geometry": { "type": "Point", "coordinates": [ 121.0108192, 14.58661622 ] } },
{ "type": "Feature", "properties": { "107975": 501208, "Mandaluyong Addition Hills Elementary School": "Dampalit IS", "14.58393475": 14.6961047, "121.036764": 120.9310605, "City of Mandaluyong": "City of Malabon" }, "geometry": { "type": "Point", "coordinates": [ 120.9310605, 14.6961047 ] } },
{ "type": "Feature", "properties": { "107975": 501953, "Mandaluyong Addition Hills Elementary School": "Kapt Jose Cardones Integrated School", "14.58393475": 14.50446, "121.036764": 121.0563, "City of Mandaluyong": "City of Taguig" }, "geometry": { "type": "Point", "coordinates": [ 121.0563, 14.50446 ] } },
{ "type": "Feature", "properties": { "107975": 501954, "Mandaluyong Addition Hills Elementary School": "Maharlika Integrated School", "14.58393475": 14.497907, "121.036764": 121.055176, "City of Mandaluyong": "City of Taguig" }, "geometry": { "type": "Point", "coordinates": [ 121.055176, 14.497907 ] } },
{ "type": "Feature", "properties": { "107975": 502026, "Mandaluyong Addition Hills Elementary School": "Senate President Neptali A. Gonzales Integrated School", "14.58393475": 14.57837361, "121.036764": 121.0426641, "City of Mandaluyong": "City of Mandaluyong" }, "geometry": { "type": "Point", "coordinates": [ 121.0426641, 14.57837361 ] } },
{ "type": "Feature", "properties": { "107975": 502057, "Mandaluyong Addition Hills Elementary School": "Bagong Tanyag Integrated School", "14.58393475": 14.48005, "121.036764": 121.04705, "City of Mandaluyong": "City of Taguig" }, "geometry": { "type": "Point", "coordinates": [ 121.04705, 14.48005 ] } },
{ "type": "Feature", "properties": { "107975": 502653, "Mandaluyong Addition Hills Elementary School": "San Juan Elementary School", "14.58393475": 14.60638459, "121.036764": 121.0226209, "City of Mandaluyong": "City of San Juan" }, "geometry": { "type": "Point", "coordinates": [ 121.0226209, 14.60638459 ] } },
{ "type": "Feature", "properties": { "107975": 502654, "Mandaluyong Addition Hills Elementary School": "Salapan Elementary School", "14.58393475": 14.61125413, "121.036764": 121.024615, "City of Mandaluyong": "City of San Juan" }, "geometry": { "type": "Point", "coordinates": [ 121.024615, 14.61125413 ] } },
{ "type": "Feature", "properties": { "107975": 502655, "Mandaluyong Addition Hills Elementary School": "Kabayanan Elementary School", "14.58393475": 14.59880321, "121.036764": 121.0318866, "City of Mandaluyong": "City of San Juan" }, "geometry": { "type": "Point", "coordinates": [ 121.0318866, 14.59880321 ] } },
{ "type": "Feature", "properties": { "107975": 502869, "Mandaluyong Addition Hills Elementary School": "Tonsuya Integrated School", "14.58393475": null, "121.036764": null, "City of Mandaluyong": "City of Malabon" }, "geometry": null }
]
}
